Order_ID,Order_Date,Buyer_ID,Fabric_Type,Category,Quantity_Kg,Unit_Price_USD,Total_Value_USD,Order_Status,Production_Days,Shipping_Days,Actual_Lead_Days,Payment_Terms_Days,Season,Year,Month,Quarter
ORD_00001,2023-01-01,BUYER_035,Cotton_Twill,Woven,3141,8.45,26543.77,Completed,28,24,56,60,Winter,2023,1,Q1
ORD_00002,2023-01-01,BUYER_006,Viscose_Rayon,Woven,2625,8.22,21584.17,Completed,17,34,50,45,Summer,2023,1,Q1
ORD_00003,2023-01-01,BUYER_044,Cotton_Denim,Woven,4294,9.08,38974.75,Completed,43,25,64,30,Autumn,2023,1,Q1
ORD_00004,2023-01-02,BUYER_037,Cotton_Denim,Woven,2852,8.91,25420.91,Shipped,43,26,68,45,Winter,2023,1,Q1
ORD_00005,2023-01-02,BUYER_038,Fleece,Knit,2302,8.54,19665.14,In_Production,39,25,59,30,Spring,2023,1,Q1
ORD_00006,2023-01-05,BUYER_012,Cotton_Plain,Woven,2358,8.17,19254.39,Completed,20,30,45,45,Winter,2023,1,Q1
ORD_00007,2023-01-06,BUYER_025,Cotton_Polyester_Blend,Woven,5720,7.98,45620.3,Completed,25,32,57,30,Summer,2023,1,Q1
ORD_00008,2023-01-06,BUYER_011,Linen,Woven,2824,11.72,33086.52,Completed,39,40,87,45,Summer,2023,1,Q1
ORD_00009,2023-01-06,BUYER_016,Silk_Blend,Woven,2719,18.42,50085.63,Completed,30,29,58,30,Spring,2023,1,Q1
ORD_00010,2023-01-06,BUYER_018,Polyester_Satin,Woven,2470,5.92,14611.85,Completed,41,24,63,30,Autumn,2023,1,Q1
ORD_00011,2023-01-06,BUYER_007,Polyester_Twill,Woven,5000,5.08,25382.02,Completed,28,41,67,60,Winter,2023,1,Q1
ORD_00012,2023-01-07,BUYER_012,Cotton_Denim,Woven,4701,10.17,47794.7,Completed,43,31,69,45,Winter,2023,1,Q1
ORD_00013,2023-01-07,BUYER_009,Polyester_Plain,Woven,5000,4.28,21392.94,Cancelled,32,32,72,45,Autumn,2023,1,Q1
ORD_00014,2023-01-07,BUYER_017,Silk_Blend,Woven,2304,17.69,40758.53,Shipped,30,33,67,45,Summer,2023,1,Q1
ORD_00015,2023-01-08,BUYER_030,Silk_Blend,Woven,2762,20.72,57241.07,In_Production,30,25,51,60,Spring,2023,1,Q1
ORD_00016,2023-01-08,BUYER_013,Polyester_Plain,Woven,5000,4.05,20265.85,Completed,32,35,68,30,Spring,2023,1,Q1
ORD_00017,2023-01-08,BUYER_022,Cotton_Denim,Woven,2000,9.71,19414.84,Completed,43,38,83,45,Summer,2023,1,Q1
ORD_00018,2023-01-09,BUYER_026,Silk_Blend,Woven,4160,19.47,80974.55,Completed,30,33,65,45,Autumn,2023,1,Q1
ORD_00019,2023-01-09,BUYER_004,Polyester_Plain,Woven,5286,4.03,21311.05,Shipped,32,37,73,30,Spring,2023,1,Q1
ORD_00020,2023-01-09,BUYER_011,Viscose_Rayon,Woven,1203,8.83,10623.85,Completed,17,49,73,45,Winter,2023,1,Q1
ORD_00021,2023-01-09,BUYER_010,Terry_Cloth,Knit,4255,5.1,21715.26,Completed,16,37,52,60,Winter,2023,1,Q1
ORD_00022,2023-01-09,BUYER_033,Polyester_Twill,Woven,5000,5.39,26944.7,Completed,28,37,63,30,Summer,2023,1,Q1
ORD_00023,2023-01-10,BUYER_001,Linen,Woven,2661,12.41,33024.99,Completed,39,36,79,45,Autumn,2023,1,Q1
ORD_00024,2023-01-11,BUYER_029,Fleece,Knit,5476,8.44,46229.55,Completed,39,26,66,45,Summer,2023,1,Q1
ORD_00025,2023-01-12,BUYER_032,Cotton_Twill,Woven,3229,8.01,25860.85,Completed,28,35,68,45,Summer,2023,1,Q1
ORD_00026,2023-01-12,BUYER_024,Fleece,Knit,4828,8.79,42414.65,Shipped,39,37,76,45,Summer,2023,1,Q1
ORD_00027,2023-01-12,BUYER_040,Cotton_Plain,Woven,3545,8.25,29249.07,Shipped,20,35,56,90,Winter,2023,1,Q1
ORD_00028,2023-01-13,BUYER_003,Fleece,Knit,2000,7.96,15911.39,Shipped,39,22,56,90,Summer,2023,1,Q1
ORD_00029,2023-01-13,BUYER_042,Silk_Blend,Woven,3601,20.79,74872.67,Completed,30,19,44,30,Winter,2023,1,Q1
ORD_00030,2023-01-13,BUYER_011,Silk_Blend,Woven,1129,21.36,24110.71,Completed,30,49,79,45,Summer,2023,1,Q1
ORD_00031,2023-01-13,BUYER_031,Silk_Blend,Woven,5361,19.36,103808.97,Shipped,30,28,67,30,Summer,2023,1,Q1
ORD_00032,2023-01-15,BUYER_033,Viscose_Rayon,Woven,1000,8.61,8608.0,Completed,17,28,54,30,Summer,2023,1,Q1
ORD_00033,2023-01-15,BUYER_012,Linen,Woven,3444,11.52,39675.71,Completed,39,33,67,45,Summer,2023,1,Q1
ORD_00034,2023-01-16,BUYER_006,Cotton_Denim,Woven,3993,8.62,34413.86,Completed,43,33,79,45,Spring,2023,1,Q1
ORD_00035,2023-01-16,BUYER_020,Terry_Cloth,Knit,4868,5.23,25459.54,Completed,16,28,49,60,Summer,2023,1,Q1
ORD_00036,2023-01-16,BUYER_021,Polyester_Twill,Woven,5000,5.48,27419.16,Completed,28,39,68,90,Summer,2023,1,Q1
ORD_00037,2023-01-17,BUYER_011,Linen,Woven,2000,12.95,25899.07,Completed,39,35,72,45,Winter,2023,1,Q1
ORD_00038,2023-01-17,BUYER_012,Polyester_Twill,Woven,5000,4.59,22972.0,Completed,28,31,65,45,Summer,2023,1,Q1
ORD_00039,2023-01-17,BUYER_008,Polyester_Satin,Woven,4062,6.39,25940.75,Completed,41,36,81,45,Autumn,2023,1,Q1
ORD_00040,2023-01-17,BUYER_014,Cotton_Polyester_Blend,Woven,2283,7.75,17701.11,Completed,25,18,40,30,Summer,2023,1,Q1
ORD_00041,2023-01-17,BUYER_043,Cotton_Polyester_Blend,Woven,1652,7.75,12795.66,Completed,25,37,58,90,Winter,2023,1,Q1
ORD_00042,2023-01-17,BUYER_013,Polyester_Plain,Woven,5000,3.79,18971.57,Completed,32,27,61,30,Winter,2023,1,Q1
ORD_00043,2023-01-19,BUYER_037,Cotton_Twill,Woven,2531,7.98,20197.95,Completed,28,19,54,45,Winter,2023,1,Q1
ORD_00044,2023-01-19,BUYER_021,Linen,Woven,2896,12.0,34761.5,Completed,39,29,65,90,Summer,2023,1,Q1
ORD_00045,2023-01-20,BUYER_005,Silk_Blend,Woven,2800,19.62,54944.6,Shipped,30,19,46,45,Autumn,2023,1,Q1
ORD_00046,2023-01-20,BUYER_043,Polyester_Plain,Woven,5000,3.65,18257.91,Completed,32,27,57,90,Summer,2023,1,Q1
ORD_00047,2023-01-20,BUYER_014,Polyester_Twill,Woven,5000,5.43,27147.71,Completed,28,27,59,30,Winter,2023,1,Q1
ORD_00048,2023-01-21,BUYER_040,Cotton_Denim,Woven,2000,10.28,20568.14,Completed,43,34,73,90,Winter,2023,1,Q1
ORD_00049,2023-01-22,BUYER_043,Terry_Cloth,Knit,1194,5.02,5999.17,Completed,16,32,49,90,Autumn,2023,1,Q1
ORD_00050,2023-01-23,BUYER_043,Linen,Woven,2000,11.74,23477.34,Completed,39,30,74,90,Autumn,2023,1,Q1
ORD_00051,2023-01-23,BUYER_010,Cotton_Plain,Woven,11203,7.56,84648.02,Completed,20,28,55,60,Autumn,2023,1,Q1
ORD_00052,2023-01-23,BUYER_027,Polyester_Satin,Woven,5118,6.03,30869.13,Completed,41,32,79,45,Autumn,2023,1,Q1
ORD_00053,2023-01-23,BUYER_035,Terry_Cloth,Knit,1234,4.91,6061.68,Completed,16,24,39,60,Winter,2023,1,Q1
ORD_00054,2023-01-23,BUYER_018,Cotton_Twill,Woven,806,7.5,6045.93,Completed,28,23,53,30,Winter,2023,1,Q1
ORD_00055,2023-01-24,BUYER_002,Cotton_Denim,Woven,3052,9.34,28492.89,Completed,43,25,64,60,Summer,2023,1,Q1
ORD_00056,2023-01-25,BUYER_045,Viscose_Rayon,Woven,2672,9.64,25747.73,Completed,17,26,39,90,Autumn,2023,1,Q1
ORD_00057,2023-01-25,BUYER_038,Cotton_Twill,Woven,773,8.38,6480.71,Completed,28,16,42,30,Spring,2023,1,Q1
ORD_00058,2023-01-26,BUYER_018,Polyester_Satin,Woven,1000,6.47,6467.64,Completed,41,21,69,30,Spring,2023,1,Q1
ORD_00059,2023-01-27,BUYER_044,Cotton_Twill,Woven,3964,8.12,32201.68,Completed,28,17,43,30,Spring,2023,1,Q1
ORD_00060,2023-01-27,BUYER_008,Cotton_Twill,Woven,3240,7.59,24589.91,Completed,28,38,63,45,Autumn,2023,1,Q1
ORD_00061,2023-01-27,BUYER_042,Cotton_Polyester_Blend,Woven,4765,7.53,35888.7,Completed,25,20,52,30,Winter,2023,1,Q1
ORD_00062,2023-01-28,BUYER_032,Polyester_Plain,Woven,9519,4.02,38278.22,Completed,32,36,64,45,Spring,2023,1,Q1
ORD_00063,2023-01-30,BUYER_038,Cotton_Denim,Woven,2846,8.82,25094.67,Completed,43,17,68,30,Summer,2023,1,Q1
ORD_00064,2023-01-31,BUYER_016,Silk_Blend,Woven,1000,17.73,17730.84,Completed,30,19,44,30,Summer,2023,1,Q1
ORD_00065,2023-01-31,BUYER_015,Cotton_Twill,Woven,994,7.78,7734.61,Completed,28,29,53,45,Spring,2023,1,Q1
ORD_00066,2023-01-31,BUYER_020,Cotton_Denim,Woven,2000,10.53,21067.78,Completed,43,35,81,60,Autumn,2023,1,Q1
ORD_00067,2023-02-01,BUYER_036,Cotton_Plain,Woven,3890,8.31,32341.17,Completed,20,35,51,90,Summer,2023,2,Q1
ORD_00068,2023-02-01,BUYER_043,Terry_Cloth,Knit,1892,5.12,9695.77,Completed,16,30,43,90,Summer,2023,2,Q1
ORD_00069,2023-02-01,BUYER_042,Cotton_Twill,Woven,2114,8.5,17975.51,On_Hold,28,17,54,30,Autumn,2023,2,Q1
ORD_00070,2023-02-01,BUYER_025,Terry_Cloth,Knit,2037,4.83,9841.14,Completed,16,31,47,30,Summer,2023,2,Q1
ORD_00071,2023-02-02,BUYER_037,Cotton_Polyester_Blend,Woven,1941,7.51,14578.41,Shipped,25,29,56,45,Winter,2023,2,Q1
ORD_00072,2023-02-02,BUYER_041,Polyester_Satin,Woven,4611,6.03,27784.91,Completed,41,19,64,45,Summer,2023,2,Q1
ORD_00073,2023-02-03,BUYER_006,Polyester_Twill,Woven,5000,5.71,28566.79,Shipped,28,30,55,45,Spring,2023,2,Q1
ORD_00074,2023-02-03,BUYER_024,Terry_Cloth,Knit,2996,4.88,14618.3,Shipped,16,37,54,45,Summer,2023,2,Q1
ORD_00075,2023-02-04,BUYER_031,Cotton_Polyester_Blend,Woven,2504,7.31,18315.87,Completed,25,31,58,30,Summer,2023,2,Q1
ORD_00076,2023-02-04,BUYER_030,Cotton_Polyester_Blend,Woven,3959,7.62,30148.01,Completed,25,27,55,60,Autumn,2023,2,Q1
ORD_00077,2023-02-04,BUYER_011,Cotton_Denim,Woven,2617,10.05,26313.4,Completed,43,33,81,45,Summer,2023,2,Q1
ORD_00078,2023-02-06,BUYER_019,Cotton_Polyester_Blend,Woven,2262,7.13,16126.0,Completed,25,37,57,45,Autumn,2023,2,Q1
ORD_00079,2023-02-06,BUYER_033,Fleece,Knit,2000,8.78,17569.42,Completed,39,37,72,30,Autumn,2023,2,Q1
ORD_00080,2023-02-06,BUYER_019,Cotton_Polyester_Blend,Woven,3197,7.7,24608.61,On_Hold,25,27,55,45,Winter,2023,2,Q1
ORD_00081,2023-02-06,BUYER_027,Terry_Cloth,Knit,5586,4.85,27114.79,Completed,16,37,51,45,Autumn,2023,2,Q1
ORD_00082,2023-02-06,BUYER_033,Cotton_Plain,Woven,1329,8.45,11230.26,Completed,20,39,57,30,Spring,2023,2,Q1
ORD_00083,2023-02-06,BUYER_042,Linen,Woven,5042,13.47,67893.24,Completed,39,24,64,30,Summer,2023,2,Q1
ORD_00084,2023-02-07,BUYER_039,Polyester_Satin,Woven,13671,6.14,83950.46,Shipped,41,16,64,60,Autumn,2023,2,Q1
ORD_00085,2023-02-07,BUYER_002,Polyester_Twill,Woven,5000,5.2,25993.66,Completed,28,35,58,60,Spring,2023,2,Q1
ORD_00086,2023-02-08,BUYER_034,Cotton_Polyester_Blend,Woven,2202,7.97,17558.62,Completed,25,42,72,30,Spring,2023,2,Q1
ORD_00087,2023-02-08,BUYER_037,Cotton_Twill,Woven,1600,8.12,12993.18,In_Production,28,18,51,45,Winter,2023,2,Q1
ORD_00088,2023-02-09,BUYER_034,Terry_Cloth,Knit,1000,4.72,4719.04,Completed,16,33,45,30,Winter,2023,2,Q1
ORD_00089,2023-02-09,BUYER_044,Viscose_Rayon,Woven,4188,8.66,36251.6,Completed,17,20,33,30,Autumn,2023,2,Q1
ORD_00090,2023-02-09,BUYER_035,Cotton_Plain,Woven,1588,8.84,14035.39,Completed,20,24,42,60,Autumn,2023,2,Q1
ORD_00091,2023-02-09,BUYER_044,Cotton_Polyester_Blend,Woven,1813,7.78,14099.2,In_Production,25,20,47,30,Winter,2023,2,Q1
ORD_00092,2023-02-10,BUYER_043,Cotton_Denim,Woven,2000,9.46,18926.15,Completed,43,38,88,90,Autumn,2023,2,Q1
ORD_00093,2023-02-13,BUYER_004,Linen,Woven,4197,13.32,55922.86,Completed,39,27,67,30,Autumn,2023,2,Q1
ORD_00094,2023-02-13,BUYER_031,Terry_Cloth,Knit,3532,5.08,17955.86,Completed,16,36,51,30,Summer,2023,2,Q1
ORD_00095,2023-02-14,BUYER_024,Linen,Woven,5327,12.85,68427.81,Completed,39,27,70,45,Spring,2023,2,Q1
ORD_00096,2023-02-15,BUYER_002,Viscose_Rayon,Woven,1689,8.55,14442.75,Completed,17,25,39,60,Winter,2023,2,Q1
ORD_00097,2023-02-15,BUYER_016,Silk_Blend,Woven,1256,20.74,26045.55,Shipped,30,15,50,30,Spring,2023,2,Q1
ORD_00098,2023-02-15,BUYER_042,Fleece,Knit,5567,7.79,43383.25,Shipped,39,27,61,30,Spring,2023,2,Q1
ORD_00099,2023-02-15,BUYER_002,Cotton_Plain,Woven,3173,7.83,24828.87,Completed,20,39,67,60,Winter,2023,2,Q1
ORD_00100,2023-02-16,BUYER_045,Viscose_Rayon,Woven,1802,9.01,16245.02,Completed,17,35,56,90,Spring,2023,2,Q1
ORD_00101,2023-02-16,BUYER_025,Polyester_Twill,Woven,5000,5.14,25710.49,Completed,28,26,55,30,Spring,2023,2,Q1
ORD_00102,2023-02-16,BUYER_012,Cotton_Twill,Woven,3905,8.32,32490.22,Completed,28,36,59,45,Summer,2023,2,Q1
ORD_00103,2023-02-16,BUYER_013,Polyester_Satin,Woven,3941,5.82,22920.28,Completed,41,28,71,30,Summer,2023,2,Q1
ORD_00104,2023-02-16,BUYER_040,Viscose_Rayon,Woven,4338,9.26,40176.98,Completed,17,31,56,90,Autumn,2023,2,Q1
ORD_00105,2023-02-16,BUYER_016,Cotton_Plain,Woven,2763,7.66,21168.66,Completed,20,20,40,30,Spring,2023,2,Q1
ORD_00106,2023-02-16,BUYER_030,Cotton_Plain,Woven,4964,8.25,40937.71,Completed,20,15,40,60,Summer,2023,2,Q1
ORD_00107,2023-02-17,BUYER_017,Viscose_Rayon,Woven,4823,8.05,38832.06,Completed,17,41,62,45,Spring,2023,2,Q1
ORD_00108,2023-02-17,BUYER_019,Cotton_Plain,Woven,2013,8.69,17495.71,Completed,20,33,54,45,Winter,2023,2,Q1
ORD_00109,2023-02-17,BUYER_033,Polyester_Twill,Woven,5000,5.46,27317.95,Completed,28,36,72,30,Winter,2023,2,Q1
ORD_00110,2023-02-17,BUYER_008,Linen,Woven,2000,11.91,23814.24,Completed,39,33,67,45,Spring,2023,2,Q1
ORD_00111,2023-02-17,BUYER_004,Linen,Woven,3248,12.02,39044.5,Shipped,39,31,70,30,Autumn,2023,2,Q1
ORD_00112,2023-02-18,BUYER_006,Cotton_Polyester_Blend,Woven,5198,7.5,38961.83,In_Production,25,35,66,45,Summer,2023,2,Q1
ORD_00113,2023-02-18,BUYER_022,Cotton_Twill,Woven,2522,7.75,19545.85,Completed,28,34,59,45,Summer,2023,2,Q1
ORD_00114,2023-02-18,BUYER_025,Silk_Blend,Woven,5762,18.92,109027.15,Completed,30,25,58,30,Summer,2023,2,Q1
ORD_00115,2023-02-20,BUYER_034,Fleece,Knit,2287,7.87,17998.09,Completed,39,30,69,30,Summer,2023,2,Q1
ORD_00116,2023-02-20,BUYER_019,Viscose_Rayon,Woven,4040,9.49,38345.7,In_Production,17,35,50,45,Autumn,2023,2,Q1
ORD_00117,2023-02-20,BUYER_008,Linen,Woven,3202,13.06,41818.98,Completed,39,38,80,45,Autumn,2023,2,Q1
ORD_00118,2023-02-20,BUYER_032,Linen,Woven,5885,12.6,74141.94,Completed,39,31,74,45,Summer,2023,2,Q1
ORD_00119,2023-02-21,BUYER_005,Cotton_Polyester_Blend,Woven,1296,7.39,9571.07,Completed,25,17,48,45,Autumn,2023,2,Q1
ORD_00120,2023-02-22,BUYER_003,Polyester_Satin,Woven,2477,5.98,14812.31,Completed,41,17,63,90,Spring,2023,2,Q1
ORD_00121,2023-02-22,BUYER_044,Polyester_Twill,Woven,5000,5.06,25278.06,In_Production,28,19,49,30,Winter,2023,2,Q1
ORD_00122,2023-02-22,BUYER_041,Polyester_Plain,Woven,5000,4.2,20995.11,Completed,32,24,51,45,Summer,2023,2,Q1
ORD_00123,2023-02-23,BUYER_004,Linen,Woven,4788,13.71,65620.93,Completed,39,30,65,30,Spring,2023,2,Q1
ORD_00124,2023-02-23,BUYER_001,Polyester_Plain,Woven,7579,4.02,30470.36,Completed,32,29,56,45,Autumn,2023,2,Q1
ORD_00125,2023-02-23,BUYER_004,Cotton_Twill,Woven,5474,7.61,41660.02,Shipped,28,36,60,30,Winter,2023,2,Q1
ORD_00126,2023-02-23,BUYER_010,Cotton_Twill,Woven,4418,8.22,36309.32,Completed,28,31,66,60,Spring,2023,2,Q1
ORD_00127,2023-02-24,BUYER_045,Fleece,Knit,2000,9.29,18585.67,Shipped,39,30,66,90,Winter,2023,2,Q1
ORD_00128,2023-02-24,BUYER_045,Fleece,Knit,2000,8.75,17491.74,Shipped,39,38,86,90,Summer,2023,2,Q1
ORD_00129,2023-02-24,BUYER_001,Cotton_Plain,Woven,11719,8.77,102717.66,Completed,20,26,47,45,Summer,2023,2,Q1
ORD_00130,2023-02-24,BUYER_024,Cotton_Polyester_Blend,Woven,2872,7.25,20827.11,Completed,25,38,58,45,Winter,2023,2,Q1
ORD_00131,2023-02-24,BUYER_028,Fleece,Knit,5581,9.41,52521.41,Completed,39,21,60,45,Winter,2023,2,Q1
ORD_00132,2023-02-24,BUYER_022,Cotton_Plain,Woven,1212,8.13,9858.31,Shipped,20,36,57,45,Winter,2023,2,Q1
ORD_00133,2023-02-27,BUYER_045,Cotton_Denim,Woven,2000,8.94,17877.59,Completed,43,25,66,90,Spring,2023,2,Q1
ORD_00134,2023-02-27,BUYER_033,Cotton_Denim,Woven,2962,9.58,28365.63,Completed,43,39,84,30,Autumn,2023,2,Q1
ORD_00135,2023-02-27,BUYER_034,Polyester_Satin,Woven,2567,6.62,17001.14,Completed,41,37,78,30,Summer,2023,2,Q1
ORD_00136,2023-02-27,BUYER_039,Cotton_Plain,Woven,11319,7.72,87340.66,Completed,20,16,37,60,Summer,2023,2,Q1
ORD_00137,2023-02-28,BUYER_007,Cotton_Twill,Woven,2426,7.68,18636.5,Completed,28,30,59,60,Summer,2023,2,Q1
ORD_00138,2023-02-28,BUYER_041,Cotton_Twill,Woven,4777,7.76,37045.65,Shipped,28,19,54,45,Winter,2023,2,Q1
ORD_00139,2023-02-28,BUYER_035,Polyester_Twill,Woven,5000,5.28,26388.75,Completed,28,15,42,60,Summer,2023,2,Q1
ORD_00140,2023-03-01,BUYER_042,Linen,Woven,4217,12.39,52258.42,Completed,39,23,71,30,Autumn,2023,3,Q1
ORD_00141,2023-03-01,BUYER_016,Fleece,Knit,2000,8.15,16295.23,Completed,39,22,68,30,Winter,2023,3,Q1
ORD_00142,2023-03-02,BUYER_022,Cotton_Twill,Woven,986,7.51,7405.45,Completed,28,25,57,45,Summer,2023,3,Q1
ORD_00143,2023-03-02,BUYER_011,Polyester_Satin,Woven,1965,5.95,11687.21,Completed,41,44,87,45,Summer,2023,3,Q1
ORD_00144,2023-03-03,BUYER_026,Polyester_Satin,Woven,2936,5.67,16651.15,Shipped,41,26,66,45,Spring,2023,3,Q1
ORD_00145,2023-03-03,BUYER_007,Cotton_Plain,Woven,1882,7.71,14515.05,Completed,20,46,66,60,Autumn,2023,3,Q1
ORD_00146,2023-03-03,BUYER_038,Cotton_Plain,Woven,949,7.42,7041.98,Completed,20,27,43,30,Winter,2023,3,Q1
ORD_00147,2023-03-04,BUYER_002,Cotton_Polyester_Blend,Woven,4148,6.34,26282.57,Completed,25,26,55,60,Summer,2023,3,Q1
ORD_00148,2023-03-06,BUYER_029,Cotton_Polyester_Blend,Woven,4414,7.25,32019.62,Completed,25,32,57,45,Winter,2023,3,Q1
ORD_00149,2023-03-06,BUYER_029,Cotton_Polyester_Blend,Woven,4790,6.33,30301.14,Cancelled,25,25,52,45,Winter,2023,3,Q1
ORD_00150,2023-03-06,BUYER_004,Polyester_Twill,Woven,5000,4.66,23283.33,Completed,28,39,66,30,Summer,2023,3,Q1
ORD_00151,2023-03-07,BUYER_014,Viscose_Rayon,Woven,1373,8.1,11120.87,Completed,17,27,51,30,Winter,2023,3,Q1
ORD_00152,2023-03-07,BUYER_032,Viscose_Rayon,Woven,2603,7.84,20416.5,Completed,17,35,51,45,Winter,2023,3,Q1
ORD_00153,2023-03-07,BUYER_036,Linen,Woven,4240,11.17,47344.22,Completed,39,39,79,90,Autumn,2023,3,Q1
ORD_00154,2023-03-07,BUYER_019,Linen,Woven,2088,12.14,25345.31,Shipped,39,25,69,45,Summer,2023,3,Q1
ORD_00155,2023-03-08,BUYER_003,Polyester_Satin,Woven,2475,5.64,13956.62,Completed,41,27,63,90,Spring,2023,3,Q1
ORD_00156,2023-03-08,BUYER_008,Cotton_Twill,Woven,2572,7.3,18776.42,Completed,28,29,61,45,Spring,2023,3,Q1
ORD_00157,2023-03-08,BUYER_039,Viscose_Rayon,Woven,7968,8.35,66504.78,Completed,17,15,35,60,Summer,2023,3,Q1
ORD_00158,2023-03-08,BUYER_009,Cotton_Twill,Woven,5284,7.61,40200.79,Completed,28,25,61,45,Summer,2023,3,Q1
ORD_00159,2023-03-08,BUYER_010,Cotton_Polyester_Blend,Woven,6001,7.09,42521.24,Completed,25,37,69,60,Spring,2023,3,Q1
ORD_00160,2023-03-08,BUYER_012,Polyester_Satin,Woven,1527,5.73,8745.09,Completed,41,27,64,45,Spring,2023,3,Q1
ORD_00161,2023-03-08,BUYER_016,Cotton_Polyester_Blend,Woven,1554,6.84,10623.28,Shipped,25,22,49,30,Winter,2023,3,Q1
ORD_00162,2023-03-08,BUYER_015,Terry_Cloth,Knit,1669,5.02,8373.59,Shipped,16,39,64,45,Summer,2023,3,Q1
ORD_00163,2023-03-09,BUYER_026,Fleece,Knit,4249,7.29,30979.06,Completed,39,37,78,45,Autumn,2023,3,Q1
ORD_00164,2023-03-09,BUYER_034,Fleece,Knit,2000,8.01,16015.23,Completed,39,48,84,30,Winter,2023,3,Q1
ORD_00165,2023-03-09,BUYER_031,Silk_Blend,Woven,2211,17.38,38435.6,Completed,30,32,65,30,Summer,2023,3,Q1
ORD_00166,2023-03-09,BUYER_013,Fleece,Knit,2000,7.99,15989.58,Completed,39,29,72,30,Autumn,2023,3,Q1
ORD_00167,2023-03-09,BUYER_017,Polyester_Twill,Woven,5000,4.6,23016.38,Completed,28,31,54,45,Autumn,2023,3,Q1
ORD_00168,2023-03-09,BUYER_029,Terry_Cloth,Knit,2255,4.47,10089.19,Completed,16,34,59,45,Winter,2023,3,Q1
ORD_00169,2023-03-11,BUYER_030,Cotton_Polyester_Blend,Woven,1332,6.81,9073.69,Completed,25,27,54,60,Winter,2023,3,Q1
ORD_00170,2023-03-12,BUYER_045,Cotton_Denim,Woven,2000,9.03,18054.6,Shipped,43,37,76,90,Winter,2023,3,Q1
ORD_00171,2023-03-13,BUYER_034,Fleece,Knit,2000,7.68,15353.96,Shipped,39,49,91,30,Summer,2023,3,Q1
ORD_00172,2023-03-14,BUYER_011,Linen,Woven,2000,11.94,23874.87,Completed,39,34,82,45,Autumn,2023,3,Q1
ORD_00173,2023-03-14,BUYER_034,Polyester_Twill,Woven,5000,4.85,24240.12,Completed,28,30,59,30,Autumn,2023,3,Q1
ORD_00174,2023-03-14,BUYER_019,Cotton_Polyester_Blend,Woven,5419,6.6,35741.2,Completed,25,37,67,45,Summer,2023,3,Q1
ORD_00175,2023-03-15,BUYER_035,Polyester_Plain,Woven,5000,3.72,18622.32,Completed,32,24,58,60,Autumn,2023,3,Q1
ORD_00176,2023-03-16,BUYER_027,Silk_Blend,Woven,3770,16.78,63271.78,Completed,30,34,71,45,Summer,2023,3,Q1
ORD_00177,2023-03-16,BUYER_041,Cotton_Denim,Woven,5747,8.03,46145.73,Shipped,43,29,76,45,Autumn,2023,3,Q1
ORD_00178,2023-03-16,BUYER_003,Polyester_Plain,Woven,5000,3.66,18309.35,Completed,32,19,57,90,Spring,2023,3,Q1
ORD_00179,2023-03-17,BUYER_028,Viscose_Rayon,Woven,5916,8.26,48888.65,Completed,17,23,44,45,Winter,2023,3,Q1
ORD_00180,2023-03-18,BUYER_032,Cotton_Twill,Woven,13375,7.37,98544.28,Completed,28,35,70,45,Winter,2023,3,Q1
ORD_00181,2023-03-18,BUYER_031,Cotton_Twill,Woven,5888,6.85,40357.9,Completed,28,25,61,30,Summer,2023,3,Q1
ORD_00182,2023-03-19,BUYER_030,Cotton_Twill,Woven,2485,7.63,18970.4,Completed,28,27,57,60,Spring,2023,3,Q1
ORD_00183,2023-03-20,BUYER_009,Cotton_Twill,Woven,3601,6.93,24948.03,Completed,28,28,55,45,Winter,2023,3,Q1
ORD_00184,2023-03-20,BUYER_002,Viscose_Rayon,Woven,2278,7.55,17198.06,Shipped,17,29,46,60,Autumn,2023,3,Q1
ORD_00185,2023-03-20,BUYER_022,Polyester_Plain,Woven,5000,3.61,18042.24,Completed,32,27,67,45,Summer,2023,3,Q1
ORD_00186,2023-03-20,BUYER_002,Silk_Blend,Woven,2906,18.6,54050.97,Completed,30,26,52,60,Spring,2023,3,Q1
ORD_00187,2023-03-20,BUYER_021,Linen,Woven,2000,11.11,22221.48,Completed,39,34,73,90,Spring,2023,3,Q1
ORD_00188,2023-03-20,BUYER_041,Polyester_Satin,Woven,3633,5.3,19255.73,Completed,41,22,66,45,Autumn,2023,3,Q1
ORD_00189,2023-03-21,BUYER_024,Cotton_Polyester_Blend,Woven,2415,6.3,15212.94,Completed,25,39,63,45,Autumn,2023,3,Q1
ORD_00190,2023-03-21,BUYER_043,Cotton_Plain,Woven,2592,7.27,18853.36,Shipped,20,29,46,90,Winter,2023,3,Q1
ORD_00191,2023-03-22,BUYER_011,Polyester_Satin,Woven,2010,5.9,11864.08,Completed,41,44,89,45,Autumn,2023,3,Q1
ORD_00192,2023-03-23,BUYER_003,Polyester_Satin,Woven,1438,5.61,8062.47,Completed,41,20,64,90,Autumn,2023,3,Q1
ORD_00193,2023-03-23,BUYER_009,Cotton_Twill,Woven,4749,7.05,33459.86,Completed,28,28,63,45,Autumn,2023,3,Q1
ORD_00194,2023-03-23,BUYER_043,Fleece,Knit,2137,8.27,17671.04,Completed,39,27,61,90,Spring,2023,3,Q1
ORD_00195,2023-03-24,BUYER_037,Cotton_Plain,Woven,4239,7.32,31038.46,In_Production,20,16,36,45,Autumn,2023,3,Q1
ORD_00196,2023-03-27,BUYER_036,Fleece,Knit,4909,7.55,37043.59,Shipped,39,37,71,90,Summer,2023,3,Q1
ORD_00197,2023-03-27,BUYER_042,Cotton_Polyester_Blend,Woven,1833,7.15,13108.01,Completed,25,16,45,30,Winter,2023,3,Q1
ORD_00198,2023-03-27,BUYER_045,Cotton_Polyester_Blend,Woven,2368,7.37,17458.15,Shipped,25,28,51,90,Autumn,2023,3,Q1
ORD_00199,2023-03-27,BUYER_025,Terry_Cloth,Knit,4327,4.67,20185.56,Completed,16,34,47,30,Autumn,2023,3,Q1
ORD_00200,2023-03-27,BUYER_033,Cotton_Denim,Woven,2519,8.91,22440.4,Completed,43,28,71,30,Winter,2023,3,Q1
ORD_00201,2023-03-27,BUYER_011,Fleece,Knit,2000,7.88,15757.49,Completed,39,46,85,45,Autumn,2023,3,Q1
ORD_00202,2023-03-28,BUYER_013,Cotton_Plain,Woven,3612,7.58,27361.83,Completed,20,31,53,30,Summer,2023,3,Q1
ORD_00203,2023-03-28,BUYER_031,Viscose_Rayon,Woven,2500,8.02,20059.63,Completed,17,38,55,30,Summer,2023,3,Q1
ORD_00204,2023-03-28,BUYER_008,Polyester_Plain,Woven,5000,3.75,18748.05,Completed,32,28,58,45,Summer,2023,3,Q1
ORD_00205,2023-03-28,BUYER_006,Linen,Woven,2000,12.4,24794.65,Cancelled,39,25,63,45,Summer,2023,3,Q1
ORD_00206,2023-03-29,BUYER_033,Polyester_Twill,Woven,5000,4.67,23353.84,Shipped,28,27,64,30,Spring,2023,3,Q1
ORD_00207,2023-03-29,BUYER_023,Cotton_Plain,Woven,1591,7.06,11239.05,Completed,20,39,55,30,Winter,2023,3,Q1
ORD_00208,2023-03-30,BUYER_020,Cotton_Polyester_Blend,Woven,1279,6.5,8307.89,Completed,25,26,57,60,Autumn,2023,3,Q1
ORD_00209,2023-03-30,BUYER_038,Terry_Cloth,Knit,2314,4.93,11397.35,Completed,16,28,42,30,Winter,2023,3,Q1
ORD_00210,2023-03-30,BUYER_012,Cotton_Plain,Woven,1394,7.58,10562.62,Completed,20,34,50,45,Winter,2023,3,Q1
ORD_00211,2023-03-31,BUYER_043,Cotton_Twill,Woven,2878,6.8,19575.1,Completed,28,30,57,90,Winter,2023,3,Q1
ORD_00212,2023-03-31,BUYER_024,Cotton_Polyester_Blend,Woven,4212,7.37,31063.1,Completed,25,28,55,45,Summer,2023,3,Q1
ORD_00213,2023-03-31,BUYER_017,Viscose_Rayon,Woven,2896,7.68,22228.71,Completed,17,47,70,45,Autumn,2023,3,Q1
ORD_00214,2023-03-31,BUYER_039,Silk_Blend,Woven,12380,18.4,227852.47,Shipped,30,29,60,60,Winter,2023,3,Q1
ORD_00215,2023-04-01,BUYER_007,Cotton_Polyester_Blend,Woven,2143,6.91,14810.02,Cancelled,25,47,73,60,Winter,2023,4,Q2
ORD_00216,2023-04-03,BUYER_001,Polyester_Satin,Woven,5029,5.93,29800.71,Completed,41,28,71,45,Winter,2023,4,Q2
ORD_00217,2023-04-03,BUYER_027,Cotton_Plain,Woven,4814,7.71,37133.34,Completed,20,26,51,45,Autumn,2023,4,Q2
ORD_00218,2023-04-03,BUYER_036,Cotton_Polyester_Blend,Woven,2880,7.09,20414.09,Completed,25,26,53,90,Autumn,2023,4,Q2
ORD_00219,2023-04-04,BUYER_044,Polyester_Satin,Woven,1022,5.53,5654.63,Completed,41,15,64,30,Spring,2023,4,Q2
ORD_00220,2023-04-04,BUYER_010,Polyester_Satin,Woven,12292,5.33,65460.23,Completed,41,32,79,60,Spring,2023,4,Q2
ORD_00221,2023-04-04,BUYER_039,Terry_Cloth,Knit,4228,5.13,21685.65,Completed,16,21,34,60,Summer,2023,4,Q2
ORD_00222,2023-04-04,BUYER_037,Polyester_Satin,Woven,1106,5.36,5927.53,Completed,41,29,73,45,Winter,2023,4,Q2
ORD_00223,2023-04-05,BUYER_043,Polyester_Satin,Woven,1169,5.67,6631.15,Completed,41,39,80,90,Autumn,2023,4,Q2
ORD_00224,2023-04-05,BUYER_041,Fleece,Knit,2000,8.2,16400.14,Completed,39,24,70,45,Winter,2023,4,Q2
ORD_00225,2023-04-05,BUYER_043,Cotton_Twill,Woven,505,7.14,3603.42,Completed,28,27,60,90,Autumn,2023,4,Q2
ORD_00226,2023-04-05,BUYER_037,Polyester_Twill,Woven,5270,4.76,25065.56,In_Production,28,15,41,45,Winter,2023,4,Q2
ORD_00227,2023-04-06,BUYER_034,Terry_Cloth,Knit,1436,4.5,6460.12,Completed,16,34,58,30,Spring,2023,4,Q2
ORD_00228,2023-04-06,BUYER_024,Polyester_Twill,Woven,5000,4.73,23662.74,Completed,28,33,63,45,Spring,2023,4,Q2
ORD_00229,2023-04-06,BUYER_019,Polyester_Satin,Woven,3070,5.52,16938.43,Completed,41,31,81,45,Summer,2023,4,Q2
ORD_00230,2023-04-06,BUYER_001,Polyester_Satin,Woven,11680,5.36,62627.87,Completed,41,39,81,45,Summer,2023,4,Q2
ORD_00231,2023-04-07,BUYER_017,Viscose_Rayon,Woven,4392,7.74,34001.35,Completed,17,45,66,45,Winter,2023,4,Q2
ORD_00232,2023-04-07,BUYER_042,Cotton_Twill,Woven,3918,6.72,26324.84,Shipped,28,20,44,30,Summer,2023,4,Q2
ORD_00233,2023-04-07,BUYER_010,Linen,Woven,6288,10.95,68842.2,Completed,39,33,71,60,Summer,2023,4,Q2
ORD_00234,2023-04-07,BUYER_002,Terry_Cloth,Knit,2784,4.75,13227.37,Completed,16,39,61,60,Autumn,2023,4,Q2
ORD_00235,2023-04-07,BUYER_004,Linen,Woven,3762,11.81,44418.04,Completed,39,29,70,30,Winter,2023,4,Q2
ORD_00236,2023-04-08,BUYER_043,Polyester_Plain,Woven,5000,3.84,19199.17,Completed,32,26,60,90,Spring,2023,4,Q2
ORD_00237,2023-04-10,BUYER_009,Polyester_Satin,Woven,4076,5.22,21269.04,Completed,41,29,69,45,Spring,2023,4,Q2
ORD_00238,2023-04-10,BUYER_027,Polyester_Plain,Woven,5514,3.89,21472.79,Cancelled,32,39,77,45,Summer,2023,4,Q2
ORD_00239,2023-04-10,BUYER_003,Terry_Cloth,Knit,1282,4.74,6075.76,Shipped,16,22,47,90,Autumn,2023,4,Q2
ORD_00240,2023-04-10,BUYER_014,Viscose_Rayon,Woven,1743,7.55,13156.24,Completed,17,26,41,30,Winter,2023,4,Q2
ORD_00241,2023-04-11,BUYER_013,Fleece,Knit,2000,7.67,15341.58,Completed,39,37,77,30,Spring,2023,4,Q2
ORD_00242,2023-04-11,BUYER_029,Fleece,Knit,4413,8.19,36151.85,Completed,39,34,81,45,Summer,2023,4,Q2
ORD_00243,2023-04-11,BUYER_044,Terry_Cloth,Knit,4081,4.8,19597.19,Completed,16,27,52,30,Autumn,2023,4,Q2
ORD_00244,2023-04-11,BUYER_043,Cotton_Polyester_Blend,Woven,675,7.02,4739.79,Completed,25,39,61,90,Spring,2023,4,Q2
ORD_00245,2023-04-11,BUYER_002,Cotton_Denim,Woven,2000,9.26,18525.84,Completed,43,27,72,60,Spring,2023,4,Q2
ORD_00246,2023-04-11,BUYER_025,Linen,Woven,2088,11.27,23527.27,Completed,39,28,63,30,Winter,2023,4,Q2
ORD_00247,2023-04-11,BUYER_026,Fleece,Knit,5455,7.75,42252.05,Completed,39,35,72,45,Autumn,2023,4,Q2
ORD_00248,2023-04-12,BUYER_009,Cotton_Polyester_Blend,Woven,3612,6.67,24089.23,Completed,25,33,56,45,Summer,2023,4,Q2
ORD_00249,2023-04-12,BUYER_033,Fleece,Knit,2324,8.29,19259.33,Completed,39,26,72,30,Autumn,2023,4,Q2
ORD_00250,2023-04-12,BUYER_012,Polyester_Twill,Woven,5000,4.49,22443.22,Shipped,28,34,60,45,Autumn,2023,4,Q2
ORD_00251,2023-04-13,BUYER_043,Cotton_Polyester_Blend,Woven,2218,6.94,15403.23,Shipped,25,27,59,90,Winter,2023,4,Q2
ORD_00252,2023-04-13,BUYER_005,Polyester_Satin,Woven,4174,5.24,21854.85,Completed,41,27,66,45,Summer,2023,4,Q2
ORD_00253,2023-04-13,BUYER_030,Linen,Woven,2833,10.86,30770.44,Completed,39,21,59,60,Winter,2023,4,Q2
ORD_00254,2023-04-14,BUYER_012,Polyester_Twill,Woven,5681,4.63,26326.72,Completed,28,35,66,45,Summer,2023,4,Q2
ORD_00255,2023-04-14,BUYER_005,Cotton_Polyester_Blend,Woven,1377,7.12,9803.7,Completed,25,28,59,45,Summer,2023,4,Q2
ORD_00256,2023-04-16,BUYER_012,Viscose_Rayon,Woven,1617,7.54,12199.31,Completed,17,31,46,45,Autumn,2023,4,Q2
ORD_00257,2023-04-16,BUYER_023,Polyester_Plain,Woven,5000,3.36,16812.24,Completed,32,43,71,30,Winter,2023,4,Q2
ORD_00258,2023-04-16,BUYER_031,Cotton_Plain,Woven,1254,7.16,8973.82,Completed,20,31,47,30,Spring,2023,4,Q2
ORD_00259,2023-04-17,BUYER_024,Cotton_Polyester_Blend,Woven,4212,6.93,29187.22,Cancelled,25,35,58,45,Winter,2023,4,Q2
ORD_00260,2023-04-17,BUYER_019,Polyester_Twill,Woven,5000,4.63,23167.17,In_Production,28,27,61,45,Winter,2023,4,Q2
ORD_00261,2023-04-17,BUYER_045,Silk_Blend,Woven,1827,16.27,29730.32,Completed,30,27,56,90,Summer,2023,4,Q2
ORD_00262,2023-04-18,BUYER_007,Cotton_Twill,Woven,1648,7.52,12396.82,Completed,28,45,74,60,Winter,2023,4,Q2
ORD_00263,2023-04-18,BUYER_004,Viscose_Rayon,Woven,5527,7.58,41894.81,Completed,17,38,56,30,Summer,2023,4,Q2
ORD_00264,2023-04-19,BUYER_023,Linen,Woven,2000,11.65,23308.0,Completed,39,31,67,30,Spring,2023,4,Q2
ORD_00265,2023-04-19,BUYER_016,Linen,Woven,2000,11.59,23173.81,Completed,39,25,63,30,Autumn,2023,4,Q2
ORD_00266,2023-04-19,BUYER_037,Linen,Woven,2548,11.32,28850.02,Completed,39,18,60,45,Summer,2023,4,Q2
ORD_00267,2023-04-19,BUYER_033,Viscose_Rayon,Woven,2449,8.0,19587.95,Completed,17,32,52,30,Summer,2023,4,Q2
ORD_00268,2023-04-20,BUYER_020,Linen,Woven,2717,11.67,31701.25,Completed,39,36,78,60,Winter,2023,4,Q2
ORD_00269,2023-04-20,BUYER_037,Polyester_Plain,Woven,5000,3.48,17396.96,Completed,32,28,69,45,Autumn,2023,4,Q2
ORD_00270,2023-04-20,BUYER_006,Silk_Blend,Woven,2234,18.56,41455.6,Shipped,30,26,58,45,Spring,2023,4,Q2
ORD_00271,2023-04-21,BUYER_023,Cotton_Denim,Woven,2000,8.17,16335.64,Completed,43,38,82,30,Winter,2023,4,Q2
ORD_00272,2023-04-21,BUYER_030,Cotton_Denim,Woven,4800,8.35,40100.82,In_Production,43,29,78,60,Winter,2023,4,Q2
ORD_00273,2023-04-22,BUYER_019,Silk_Blend,Woven,4317,16.88,72889.2,Completed,30,39,69,45,Winter,2023,4,Q2
ORD_00274,2023-04-23,BUYER_008,Cotton_Twill,Woven,3125,7.46,23309.35,Completed,28,29,58,45,Autumn,2023,4,Q2
ORD_00275,2023-04-24,BUYER_023,Viscose_Rayon,Woven,1049,7.52,7893.05,Completed,17,32,46,30,Winter,2023,4,Q2
ORD_00276,2023-04-24,BUYER_018,Cotton_Polyester_Blend,Woven,2311,7.24,16735.61,Shipped,25,25,47,30,Winter,2023,4,Q2
ORD_00277,2023-04-25,BUYER_044,Cotton_Polyester_Blend,Woven,3782,6.88,26017.27,Completed,25,17,39,30,Summer,2023,4,Q2
ORD_00278,2023-04-25,BUYER_010,Cotton_Polyester_Blend,Woven,14423,6.33,91328.8,Completed,25,27,60,60,Autumn,2023,4,Q2
ORD_00279,2023-04-25,BUYER_043,Cotton_Plain,Woven,2416,7.54,18221.0,Completed,20,38,62,90,Summer,2023,4,Q2
ORD_00280,2023-04-25,BUYER_013,Cotton_Plain,Woven,1256,7.58,9525.8,Completed,20,38,63,30,Autumn,2023,4,Q2
ORD_00281,2023-04-26,BUYER_002,Polyester_Twill,Woven,5000,4.8,24019.8,Completed,28,28,53,60,Winter,2023,4,Q2
ORD_00282,2023-04-26,BUYER_041,Cotton_Twill,Woven,3523,7.66,26992.63,Completed,28,15,41,45,Winter,2023,4,Q2
ORD_00283,2023-04-26,BUYER_037,Cotton_Denim,Woven,5925,8.34,49431.15,Shipped,43,29,69,45,Autumn,2023,4,Q2
ORD_00284,2023-04-26,BUYER_035,Cotton_Polyester_Blend,Woven,3736,7.27,27166.49,Completed,25,23,57,60,Winter,2023,4,Q2
ORD_00285,2023-04-26,BUYER_005,Terry_Cloth,Knit,4187,5.0,20914.24,Completed,16,28,48,45,Summer,2023,4,Q2
ORD_00286,2023-04-27,BUYER_038,Fleece,Knit,2675,7.76,20747.21,Shipped,39,29,70,30,Autumn,2023,4,Q2
ORD_00287,2023-04-27,BUYER_012,Fleece,Knit,4777,8.14,38882.63,Completed,39,25,71,45,Summer,2023,4,Q2
ORD_00288,2023-04-27,BUYER_016,Fleece,Knit,2000,8.3,16602.24,Completed,39,21,68,30,Autumn,2023,4,Q2
ORD_00289,2023-04-28,BUYER_001,Polyester_Plain,Woven,5000,3.91,19557.92,In_Production,32,39,79,45,Autumn,2023,4,Q2
ORD_00290,2023-04-28,BUYER_008,Polyester_Satin,Woven,1395,5.35,7467.69,Shipped,41,29,66,45,Summer,2023,4,Q2
ORD_00291,2023-04-28,BUYER_003,Silk_Blend,Woven,2320,17.43,40432.41,Cancelled,30,28,64,90,Summer,2023,4,Q2
ORD_00292,2023-04-28,BUYER_039,Viscose_Rayon,Woven,7091,7.39,52383.53,Completed,17,19,35,60,Winter,2023,4,Q2
ORD_00293,2023-04-28,BUYER_014,Linen,Woven,2643,11.05,29197.45,Completed,39,27,72,30,Summer,2023,4,Q2
ORD_00294,2023-04-29,BUYER_004,Polyester_Satin,Woven,4109,5.24,21528.65,Shipped,41,29,74,30,Summer,2023,4,Q2
ORD_00295,2023-04-30,BUYER_017,Linen,Woven,4722,10.83,51123.72,On_Hold,39,37,78,45,Autumn,2023,4,Q2
ORD_00296,2023-04-30,BUYER_022,Fleece,Knit,2000,7.99,15974.61,Completed,39,33,74,45,Autumn,2023,4,Q2
ORD_00297,2023-05-01,BUYER_043,Polyester_Plain,Woven,5000,3.39,16943.54,Shipped,32,38,74,90,Autumn,2023,5,Q2
ORD_00298,2023-05-02,BUYER_016,Cotton_Denim,Woven,2494,8.04,20048.92,Shipped,43,17,68,30,Winter,2023,5,Q2
ORD_00299,2023-05-02,BUYER_014,Terry_Cloth,Knit,1000,4.8,4800.6,Completed,16,29,54,30,Winter,2023,5,Q2
ORD_00300,2023-05-02,BUYER_018,Polyester_Plain,Woven,5000,3.41,17054.08,Completed,32,26,58,30,Summer,2023,5,Q2
ORD_00301,2023-05-02,BUYER_007,Polyester_Twill,Woven,5000,4.49,22439.98,Completed,28,49,73,60,Autumn,2023,5,Q2
ORD_00302,2023-05-02,BUYER_012,Viscose_Rayon,Woven,5283,8.25,43592.56,Completed,17,31,57,45,Spring,2023,5,Q2
ORD_00303,2023-05-03,BUYER_036,Cotton_Denim,Woven,2892,8.01,23179.12,In_Production,43,39,88,90,Summer,2023,5,Q2
ORD_00304,2023-05-03,BUYER_005,Cotton_Twill,Woven,2567,6.58,16898.61,Completed,28,19,51,45,Winter,2023,5,Q2
ORD_00305,2023-05-03,BUYER_036,Silk_Blend,Woven,3713,16.61,61685.68,Completed,30,33,61,90,Summer,2023,5,Q2
ORD_00306,2023-05-03,BUYER_035,Polyester_Plain,Woven,5000,3.81,19049.02,Completed,32,16,55,60,Autumn,2023,5,Q2
ORD_00307,2023-05-04,BUYER_014,Fleece,Knit,2000,7.27,14544.48,Completed,39,27,63,30,Spring,2023,5,Q2
ORD_00308,2023-05-04,BUYER_021,Viscose_Rayon,Woven,2184,7.83,17101.99,Completed,17,27,48,90,Summer,2023,5,Q2
ORD_00309,2023-05-04,BUYER_016,Polyester_Satin,Woven,1000,5.07,5074.72,Shipped,41,18,57,30,Spring,2023,5,Q2
ORD_00310,2023-05-04,BUYER_027,Cotton_Polyester_Blend,Woven,5261,6.59,34694.45,Completed,25,30,59,45,Spring,2023,5,Q2
ORD_00311,2023-05-04,BUYER_010,Polyester_Plain,Woven,6310,3.81,24014.52,Shipped,32,27,68,60,Autumn,2023,5,Q2
ORD_00312,2023-05-05,BUYER_038,Viscose_Rayon,Woven,1162,7.51,8725.9,Completed,17,16,31,30,Autumn,2023,5,Q2
ORD_00313,2023-05-05,BUYER_001,Cotton_Plain,Woven,6376,7.15,45562.97,Shipped,20,34,57,45,Spring,2023,5,Q2
ORD_00314,2023-05-05,BUYER_028,Polyester_Twill,Woven,5937,4.73,28105.35,Completed,28,16,48,45,Spring,2023,5,Q2
ORD_00315,2023-05-05,BUYER_034,Polyester_Twill,Woven,5000,5.01,25062.32,Completed,28,45,78,30,Autumn,2023,5,Q2
ORD_00316,2023-05-05,BUYER_002,Cotton_Polyester_Blend,Woven,3834,6.93,26574.28,Completed,25,39,68,60,Winter,2023,5,Q2
ORD_00317,2023-05-05,BUYER_033,Polyester_Plain,Woven,5000,3.68,18382.33,Completed,32,38,74,30,Spring,2023,5,Q2
ORD_00318,2023-05-05,BUYER_035,Terry_Cloth,Knit,3204,5.07,16236.24,Completed,16,20,44,60,Spring,2023,5,Q2
ORD_00319,2023-05-06,BUYER_036,Cotton_Twill,Woven,4082,6.76,27602.53,Completed,28,28,52,90,Winter,2023,5,Q2
ORD_00320,2023-05-08,BUYER_010,Cotton_Denim,Woven,7353,9.07,66686.8,Completed,43,38,83,60,Summer,2023,5,Q2
ORD_00321,2023-05-08,BUYER_044,Cotton_Polyester_Blend,Woven,5680,6.58,37389.86,Completed,25,21,46,30,Summer,2023,5,Q2
ORD_00322,2023-05-08,BUYER_010,Terry_Cloth,Knit,13413,4.64,62183.6,Shipped,16,37,52,60,Summer,2023,5,Q2
ORD_00323,2023-05-08,BUYER_040,Fleece,Knit,2607,7.44,19405.96,Completed,39,31,66,90,Summer,2023,5,Q2
ORD_00324,2023-05-08,BUYER_007,Cotton_Polyester_Blend,Woven,773,6.4,4943.73,Completed,25,38,70,60,Winter,2023,5,Q2
ORD_00325,2023-05-08,BUYER_018,Cotton_Polyester_Blend,Woven,1211,6.77,8203.73,Completed,25,20,52,30,Summer,2023,5,Q2
ORD_00326,2023-05-08,BUYER_012,Cotton_Polyester_Blend,Woven,1580,7.31,11556.22,Completed,25,29,55,45,Autumn,2023,5,Q2
ORD_00327,2023-05-09,BUYER_006,Silk_Blend,Woven,2560,16.47,42151.8,Completed,30,33,72,45,Winter,2023,5,Q2
ORD_00328,2023-05-09,BUYER_024,Terry_Cloth,Knit,4907,4.57,22443.82,Shipped,16,30,54,45,Summer,2023,5,Q2
ORD_00329,2023-05-09,BUYER_027,Linen,Woven,2602,11.24,29243.69,Completed,39,29,66,45,Spring,2023,5,Q2
ORD_00330,2023-05-09,BUYER_038,Cotton_Plain,Woven,2220,7.77,17250.8,Completed,20,17,34,30,Winter,2023,5,Q2
ORD_00331,2023-05-09,BUYER_017,Polyester_Plain,Woven,5000,3.57,17839.47,Completed,32,33,62,45,Winter,2023,5,Q2
ORD_00332,2023-05-10,BUYER_006,Cotton_Plain,Woven,4837,7.22,34922.8,Completed,20,35,61,45,Winter,2023,5,Q2
ORD_00333,2023-05-10,BUYER_020,Polyester_Satin,Woven,2612,5.67,14803.54,Completed,41,35,80,60,Summer,2023,5,Q2
ORD_00334,2023-05-10,BUYER_016,Cotton_Plain,Woven,1400,7.26,10165.82,Completed,20,22,45,30,Spring,2023,5,Q2
ORD_00335,2023-05-11,BUYER_017,Cotton_Twill,Woven,1290,7.16,9237.39,Completed,28,49,74,45,Winter,2023,5,Q2
ORD_00336,2023-05-11,BUYER_031,Viscose_Rayon,Woven,5193,7.69,39909.37,Completed,17,36,49,30,Autumn,2023,5,Q2
ORD_00337,2023-05-11,BUYER_006,Viscose_Rayon,Woven,2970,7.25,21519.56,Completed,17,35,55,45,Winter,2023,5,Q2
ORD_00338,2023-05-12,BUYER_029,Polyester_Twill,Woven,5000,4.84,24204.5,Completed,28,25,55,45,Autumn,2023,5,Q2
ORD_00339,2023-05-12,BUYER_024,Cotton_Twill,Woven,1257,7.53,9465.84,Completed,28,31,65,45,Spring,2023,5,Q2
ORD_00340,2023-05-12,BUYER_009,Terry_Cloth,Knit,3355,4.91,16457.88,Completed,16,30,44,45,Spring,2023,5,Q2
ORD_00341,2023-05-13,BUYER_022,Polyester_Plain,Woven,5000,3.46,17324.64,Completed,32,26,67,45,Winter,2023,5,Q2
ORD_00342,2023-05-14,BUYER_038,Linen,Woven,2072,11.0,22794.86,Completed,39,18,56,30,Winter,2023,5,Q2
ORD_00343,2023-05-15,BUYER_035,Polyester_Twill,Woven,5000,4.63,23153.75,Completed,28,27,55,60,Autumn,2023,5,Q2
ORD_00344,2023-05-15,BUYER_004,Silk_Blend,Woven,3548,18.27,64809.88,Completed,30,37,72,30,Summer,2023,5,Q2
ORD_00345,2023-05-15,BUYER_025,Linen,Woven,3127,10.68,33386.42,Completed,39,35,78,30,Autumn,2023,5,Q2
ORD_00346,2023-05-15,BUYER_036,Polyester_Plain,Woven,5000,3.5,17476.9,Completed,32,36,76,90,Winter,2023,5,Q2
ORD_00347,2023-05-15,BUYER_009,Fleece,Knit,2000,7.68,15351.21,Shipped,39,31,70,45,Spring,2023,5,Q2
ORD_00348,2023-05-15,BUYER_021,Cotton_Plain,Woven,2394,6.93,16600.24,Completed,20,25,49,90,Spring,2023,5,Q2
ORD_00349,2023-05-15,BUYER_023,Cotton_Twill,Woven,2928,7.11,20825.0,Completed,28,48,74,30,Summer,2023,5,Q2
ORD_00350,2023-05-16,BUYER_042,Terry_Cloth,Knit,1870,4.61,8622.88,Completed,16,27,51,30,Spring,2023,5,Q2
ORD_00351,2023-05-16,BUYER_040,Linen,Woven,5670,11.17,63340.56,Completed,39,33,76,90,Autumn,2023,5,Q2
ORD_00352,2023-05-16,BUYER_011,Cotton_Denim,Woven,2000,8.62,17247.7,Completed,43,30,79,45,Summer,2023,5,Q2
ORD_00353,2023-05-17,BUYER_024,Viscose_Rayon,Woven,5286,7.81,41279.59,Completed,17,30,51,45,Winter,2023,5,Q2
ORD_00354,2023-05-17,BUYER_021,Viscose_Rayon,Woven,3998,8.18,32705.07,Completed,17,30,50,90,Winter,2023,5,Q2
ORD_00355,2023-05-17,BUYER_007,Cotton_Denim,Woven,2000,8.91,17819.22,Shipped,43,39,91,60,Autumn,2023,5,Q2
ORD_00356,2023-05-18,BUYER_014,Polyester_Plain,Woven,5000,3.61,18065.98,Completed,32,22,49,30,Summer,2023,5,Q2
ORD_00357,2023-05-18,BUYER_023,Cotton_Denim,Woven,2048,9.41,19263.93,Completed,43,45,86,30,Winter,2023,5,Q2
ORD_00358,2023-05-18,BUYER_018,Cotton_Plain,Woven,551,7.24,3988.82,In_Production,20,19,38,30,Winter,2023,5,Q2
ORD_00359,2023-05-18,BUYER_016,Cotton_Denim,Woven,2000,8.46,16913.48,Completed,43,23,63,30,Autumn,2023,5,Q2
ORD_00360,2023-05-18,BUYER_045,Cotton_Denim,Woven,2580,9.28,23944.16,Completed,43,26,70,90,Autumn,2023,5,Q2
ORD_00361,2023-05-19,BUYER_013,Linen,Woven,2000,11.49,22979.63,Completed,39,28,74,30,Summer,2023,5,Q2
ORD_00362,2023-05-19,BUYER_009,Cotton_Denim,Woven,3743,9.23,34551.5,Completed,43,36,84,45,Winter,2023,5,Q2
ORD_00363,2023-05-21,BUYER_003,Cotton_Denim,Woven,2542,9.32,23702.05,Completed,43,26,69,90,Autumn,2023,5,Q2
ORD_00364,2023-05-21,BUYER_029,Terry_Cloth,Knit,3265,4.64,15155.84,Completed,16,28,51,45,Winter,2023,5,Q2
ORD_00365,2023-05-22,BUYER_041,Cotton_Plain,Woven,4442,7.73,34325.58,Shipped,20,18,37,45,Spring,2023,5,Q2
ORD_00366,2023-05-22,BUYER_034,Polyester_Plain,Woven,5000,3.46,17276.15,Completed,32,45,77,30,Winter,2023,5,Q2
ORD_00367,2023-05-22,BUYER_023,Cotton_Twill,Woven,831,6.96,5782.14,Completed,28,38,69,30,Winter,2023,5,Q2
ORD_00368,2023-05-22,BUYER_006,Polyester_Twill,Woven,5000,5.01,25071.45,Completed,28,30,64,45,Winter,2023,5,Q2
ORD_00369,2023-05-22,BUYER_009,Fleece,Knit,2641,8.26,21816.35,In_Production,39,26,67,45,Summer,2023,5,Q2
ORD_00370,2023-05-22,BUYER_001,Silk_Blend,Woven,7710,16.34,125944.5,Completed,30,26,65,45,Spring,2023,5,Q2
ORD_00371,2023-05-23,BUYER_012,Polyester_Twill,Woven,5000,4.82,24119.45,Completed,28,33,68,45,Winter,2023,5,Q2
ORD_00372,2023-05-23,BUYER_005,Cotton_Plain,Woven,4087,6.81,27843.76,Shipped,20,15,43,45,Spring,2023,5,Q2
ORD_00373,2023-05-23,BUYER_008,Silk_Blend,Woven,5377,18.63,100148.08,Completed,30,39,75,45,Winter,2023,5,Q2
ORD_00374,2023-05-23,BUYER_040,Polyester_Twill,Woven,5000,4.36,21785.76,Completed,28,36,67,90,Summer,2023,5,Q2
ORD_00375,2023-05-23,BUYER_041,Linen,Woven,2970,11.17,33171.31,Shipped,39,16,57,45,Spring,2023,5,Q2
ORD_00376,2023-05-24,BUYER_044,Terry_Cloth,Knit,2795,4.76,13314.55,Completed,16,29,45,30,Winter,2023,5,Q2
ORD_00377,2023-05-24,BUYER_041,Cotton_Denim,Woven,3364,8.66,29135.77,Shipped,43,22,66,45,Summer,2023,5,Q2
ORD_00378,2023-05-25,BUYER_019,Viscose_Rayon,Woven,3909,8.13,31788.54,Shipped,17,26,51,45,Summer,2023,5,Q2
ORD_00379,2023-05-26,BUYER_002,Linen,Woven,5313,11.42,60655.33,Completed,39,26,73,60,Summer,2023,5,Q2
ORD_00380,2023-05-26,BUYER_015,Cotton_Denim,Woven,2000,9.25,18498.23,Completed,43,26,64,45,Spring,2023,5,Q2
ORD_00381,2023-05-26,BUYER_033,Terry_Cloth,Knit,2365,4.43,10476.64,Completed,16,33,57,30,Summer,2023,5,Q2
ORD_00382,2023-05-26,BUYER_020,Polyester_Plain,Woven,5000,3.59,17948.05,Completed,32,38,68,60,Summer,2023,5,Q2
ORD_00383,2023-05-26,BUYER_009,Polyester_Twill,Woven,5000,4.42,22078.82,Completed,28,38,68,45,Autumn,2023,5,Q2
ORD_00384,2023-05-26,BUYER_041,Cotton_Polyester_Blend,Woven,3528,7.3,25751.53,Completed,25,25,47,45,Winter,2023,5,Q2
ORD_00385,2023-05-29,BUYER_027,Silk_Blend,Woven,2521,16.09,40558.11,Completed,30,32,66,45,Autumn,2023,5,Q2
ORD_00386,2023-05-30,BUYER_029,Silk_Blend,Woven,2724,17.39,47364.48,Completed,30,34,65,45,Winter,2023,5,Q2
ORD_00387,2023-05-31,BUYER_041,Polyester_Twill,Woven,5000,4.54,22678.59,Shipped,28,28,59,45,Autumn,2023,5,Q2
ORD_00388,2023-05-31,BUYER_009,Cotton_Twill,Woven,2988,7.15,21374.1,Completed,28,30,63,45,Winter,2023,5,Q2
ORD_00389,2023-05-31,BUYER_040,Terry_Cloth,Knit,2801,4.41,12360.42,Completed,16,38,63,90,Winter,2023,5,Q2
ORD_00390,2023-06-01,BUYER_032,Cotton_Denim,Woven,9941,8.14,80907.96,Completed,43,38,82,45,Winter,2023,6,Q2
ORD_00391,2023-06-01,BUYER_015,Cotton_Polyester_Blend,Woven,2907,6.19,17987.06,Completed,25,33,57,45,Winter,2023,6,Q2
ORD_00392,2023-06-01,BUYER_023,Cotton_Plain,Woven,930,6.47,6015.13,Completed,20,44,65,30,Autumn,2023,6,Q2
ORD_00393,2023-06-01,BUYER_032,Terry_Cloth,Knit,4509,4.26,19229.25,Completed,16,33,58,45,Summer,2023,6,Q2
ORD_00394,2023-06-01,BUYER_018,Silk_Blend,Woven,2798,16.16,45203.81,In_Production,30,24,50,30,Summer,2023,6,Q2
ORD_00395,2023-06-01,BUYER_021,Cotton_Denim,Woven,5077,8.68,44078.83,On_Hold,43,32,80,90,Winter,2023,6,Q2
ORD_00396,2023-06-02,BUYER_034,Cotton_Twill,Woven,2149,6.42,13792.96,Completed,28,31,63,30,Winter,2023,6,Q2
ORD_00397,2023-06-02,BUYER_028,Polyester_Twill,Woven,5000,4.44,22206.07,Completed,28,24,51,45,Autumn,2023,6,Q2
ORD_00398,2023-06-02,BUYER_005,Cotton_Twill,Woven,4311,7.05,30390.8,Completed,28,22,52,45,Summer,2023,6,Q2
ORD_00399,2023-06-02,BUYER_017,Silk_Blend,Woven,1720,16.26,27967.04,Completed,30,31,66,45,Autumn,2023,6,Q2
ORD_00400,2023-06-02,BUYER_032,Polyester_Satin,Woven,8909,5.38,47886.98,Completed,41,39,85,45,Winter,2023,6,Q2
ORD_00401,2023-06-03,BUYER_018,Polyester_Satin,Woven,1222,5.71,6981.25,Completed,41,25,66,30,Autumn,2023,6,Q2
ORD_00402,2023-06-03,BUYER_027,Polyester_Plain,Woven,5000,3.38,16917.9,Completed,32,25,52,45,Autumn,2023,6,Q2
ORD_00403,2023-06-03,BUYER_019,Cotton_Twill,Woven,5459,6.99,38147.07,Completed,28,27,59,45,Summer,2023,6,Q2
ORD_00404,2023-06-03,BUYER_036,Cotton_Denim,Woven,2000,7.69,15377.58,Completed,43,38,86,90,Spring,2023,6,Q2
ORD_00405,2023-06-03,BUYER_016,Terry_Cloth,Knit,2112,4.73,9995.28,Completed,16,28,39,30,Spring,2023,6,Q2
ORD_00406,2023-06-04,BUYER_045,Linen,Woven,2152,10.67,22968.27,Completed,39,25,69,90,Spring,2023,6,Q2
ORD_00407,2023-06-05,BUYER_038,Polyester_Satin,Woven,1496,4.79,7160.82,Completed,41,17,62,30,Summer,2023,6,Q2
ORD_00408,2023-06-05,BUYER_040,Viscose_Rayon,Woven,2308,7.04,16255.1,Completed,17,29,42,90,Winter,2023,6,Q2
ORD_00409,2023-06-05,BUYER_042,Polyester_Satin,Woven,5376,4.99,26839.88,Shipped,41,27,68,30,Spring,2023,6,Q2
ORD_00410,2023-06-05,BUYER_043,Polyester_Twill,Woven,5000,4.45,22235.3,Completed,28,39,75,90,Summer,2023,6,Q2
ORD_00411,2023-06-06,BUYER_011,Cotton_Twill,Woven,2519,6.7,16876.71,Completed,28,41,76,45,Winter,2023,6,Q2
ORD_00412,2023-06-06,BUYER_037,Terry_Cloth,Knit,5564,4.38,24359.51,Completed,16,15,40,45,Winter,2023,6,Q2
ORD_00413,2023-06-06,BUYER_044,Polyester_Satin,Woven,2286,5.62,12840.23,Completed,41,27,75,30,Autumn,2023,6,Q2
ORD_00414,2023-06-06,BUYER_009,Cotton_Twill,Woven,3270,6.88,22483.25,Completed,28,39,74,45,Summer,2023,6,Q2
ORD_00415,2023-06-06,BUYER_016,Polyester_Twill,Woven,5000,4.31,21547.51,Shipped,28,23,47,30,Summer,2023,6,Q2
ORD_00416,2023-06-07,BUYER_034,Linen,Woven,2000,10.18,20355.11,Completed,39,49,90,30,Summer,2023,6,Q2
ORD_00417,2023-06-07,BUYER_016,Cotton_Twill,Woven,2175,6.75,14673.06,Completed,28,21,53,30,Autumn,2023,6,Q2
ORD_00418,2023-06-07,BUYER_041,Silk_Blend,Woven,2570,16.8,43165.59,Completed,30,25,56,45,Autumn,2023,6,Q2
ORD_00419,2023-06-07,BUYER_021,Polyester_Plain,Woven,5000,3.15,15759.35,Shipped,32,31,68,90,Spring,2023,6,Q2
ORD_00420,2023-06-07,BUYER_001,Terry_Cloth,Knit,6926,4.59,31780.31,Completed,16,29,52,45,Summer,2023,6,Q2
ORD_00421,2023-06-07,BUYER_028,Fleece,Knit,5780,6.92,40016.37,Completed,39,18,64,45,Spring,2023,6,Q2
ORD_00422,2023-06-07,BUYER_041,Cotton_Twill,Woven,4860,6.5,31600.51,Completed,28,29,64,45,Autumn,2023,6,Q2
ORD_00423,2023-06-08,BUYER_009,Linen,Woven,4305,10.33,44469.33,Completed,39,32,77,45,Autumn,2023,6,Q2
ORD_00424,2023-06-08,BUYER_038,Silk_Blend,Woven,2605,17.92,46685.84,In_Production,30,26,61,30,Spring,2023,6,Q2
ORD_00425,2023-06-09,BUYER_045,Cotton_Denim,Woven,2261,7.67,17331.02,Completed,43,27,69,90,Autumn,2023,6,Q2
ORD_00426,2023-06-10,BUYER_016,Cotton_Polyester_Blend,Woven,703,6.59,4632.89,Completed,25,16,39,30,Summer,2023,6,Q2
ORD_00427,2023-06-10,BUYER_011,Cotton_Twill,Woven,1763,6.4,11277.61,Shipped,28,36,59,45,Winter,2023,6,Q2
ORD_00428,2023-06-11,BUYER_028,Cotton_Plain,Woven,4799,6.66,31938.69,Completed,20,27,43,45,Autumn,2023,6,Q2
ORD_00429,2023-06-12,BUYER_027,Silk_Blend,Woven,1504,17.48,26294.95,Completed,30,27,63,45,Autumn,2023,6,Q2
ORD_00430,2023-06-13,BUYER_036,Linen,Woven,2552,11.65,29720.83,Shipped,39,29,66,90,Summer,2023,6,Q2
ORD_00431,2023-06-13,BUYER_029,Silk_Blend,Woven,1039,17.3,17975.84,Completed,30,28,62,45,Spring,2023,6,Q2
ORD_00432,2023-06-13,BUYER_019,Cotton_Plain,Woven,4991,6.41,31997.91,Shipped,20,31,55,45,Spring,2023,6,Q2
ORD_00433,2023-06-13,BUYER_018,Cotton_Plain,Woven,1901,6.87,13067.96,Shipped,20,24,49,30,Summer,2023,6,Q2
ORD_00434,2023-06-13,BUYER_017,Cotton_Plain,Woven,5370,6.19,33264.22,Completed,20,42,71,45,Spring,2023,6,Q2
ORD_00435,2023-06-13,BUYER_045,Cotton_Twill,Woven,2574,6.54,16842.86,Completed,28,34,70,90,Summer,2023,6,Q2
ORD_00436,2023-06-14,BUYER_021,Cotton_Polyester_Blend,Woven,4439,6.58,29196.73,Completed,25,27,61,90,Winter,2023,6,Q2
ORD_00437,2023-06-14,BUYER_001,Linen,Woven,10333,11.07,114379.65,Completed,39,33,75,45,Summer,2023,6,Q2
ORD_00438,2023-06-15,BUYER_040,Polyester_Plain,Woven,5000,3.27,16350.48,Shipped,32,31,72,90,Winter,2023,6,Q2
ORD_00439,2023-06-15,BUYER_020,Terry_Cloth,Knit,4677,4.39,20536.08,Shipped,16,38,52,60,Autumn,2023,6,Q2
ORD_00440,2023-06-15,BUYER_020,Terry_Cloth,Knit,2688,4.43,11915.62,Completed,16,32,44,60,Winter,2023,6,Q2
ORD_00441,2023-06-16,BUYER_037,Cotton_Polyester_Blend,Woven,5065,6.75,34192.91,Completed,25,24,54,45,Autumn,2023,6,Q2
ORD_00442,2023-06-16,BUYER_044,Cotton_Twill,Woven,2694,6.55,17652.96,Completed,28,20,46,30,Spring,2023,6,Q2
ORD_00443,2023-06-17,BUYER_042,Cotton_Plain,Woven,4638,7.07,32788.5,Completed,20,27,42,30,Summer,2023,6,Q2
ORD_00444,2023-06-17,BUYER_020,Terry_Cloth,Knit,2734,4.69,12824.16,Completed,16,28,53,60,Spring,2023,6,Q2
ORD_00445,2023-06-18,BUYER_020,Polyester_Satin,Woven,1674,5.3,8877.59,Completed,41,28,65,60,Summer,2023,6,Q2
ORD_00446,2023-06-18,BUYER_016,Cotton_Twill,Woven,2744,6.84,18768.42,Completed,28,26,51,30,Winter,2023,6,Q2
ORD_00447,2023-06-18,BUYER_004,Polyester_Plain,Woven,5000,3.7,18483.38,Completed,32,33,69,30,Winter,2023,6,Q2
ORD_00448,2023-06-18,BUYER_009,Polyester_Twill,Woven,5000,4.87,24372.24,Completed,28,31,63,45,Autumn,2023,6,Q2
ORD_00449,2023-06-19,BUYER_013,Terry_Cloth,Knit,5473,4.46,24433.47,Completed,16,36,57,30,Spring,2023,6,Q2
ORD_00450,2023-06-19,BUYER_019,Linen,Woven,2676,10.76,28801.41,Completed,39,25,63,45,Autumn,2023,6,Q2
ORD_00451,2023-06-19,BUYER_016,Cotton_Plain,Woven,909,6.52,5930.37,Completed,20,20,37,30,Spring,2023,6,Q2
ORD_00452,2023-06-19,BUYER_040,Cotton_Polyester_Blend,Woven,5472,6.72,36769.94,Completed,25,32,54,90,Autumn,2023,6,Q2
ORD_00453,2023-06-19,BUYER_035,Linen,Woven,4544,10.62,48263.5,Shipped,39,20,62,60,Winter,2023,6,Q2
ORD_00454,2023-06-19,BUYER_009,Cotton_Denim,Woven,4410,8.5,37465.45,Completed,43,31,78,45,Spring,2023,6,Q2
ORD_00455,2023-06-20,BUYER_009,Polyester_Twill,Woven,5017,4.46,22385.67,Completed,28,28,59,45,Summer,2023,6,Q2
ORD_00456,2023-06-20,BUYER_036,Fleece,Knit,5826,7.7,44863.42,Completed,39,38,79,90,Spring,2023,6,Q2
ORD_00457,2023-06-21,BUYER_007,Cotton_Polyester_Blend,Woven,1577,6.68,10530.46,Completed,25,49,70,60,Spring,2023,6,Q2
ORD_00458,2023-06-21,BUYER_003,Cotton_Denim,Woven,2000,8.99,17989.49,Completed,43,23,74,90,Winter,2023,6,Q2
ORD_00459,2023-06-21,BUYER_044,Viscose_Rayon,Woven,1542,6.91,10661.22,Shipped,17,20,44,30,Winter,2023,6,Q2
ORD_00460,2023-06-21,BUYER_011,Cotton_Twill,Woven,1007,7.42,7471.8,Completed,28,47,83,45,Spring,2023,6,Q2
ORD_00461,2023-06-21,BUYER_009,Cotton_Plain,Woven,1917,6.88,13190.83,Completed,20,26,45,45,Autumn,2023,6,Q2
ORD_00462,2023-06-22,BUYER_011,Cotton_Polyester_Blend,Woven,1224,6.25,7646.7,Completed,25,33,57,45,Autumn,2023,6,Q2
ORD_00463,2023-06-22,BUYER_035,Linen,Woven,2363,11.45,27054.63,Completed,39,20,61,60,Winter,2023,6,Q2
ORD_00464,2023-06-22,BUYER_020,Viscose_Rayon,Woven,4417,7.83,34598.03,Completed,17,30,53,60,Autumn,2023,6,Q2
ORD_00465,2023-06-22,BUYER_030,Terry_Cloth,Knit,5391,4.7,25350.84,Completed,16,23,35,60,Winter,2023,6,Q2
ORD_00466,2023-06-22,BUYER_018,Polyester_Plain,Woven,5000,3.61,18056.67,Completed,32,25,57,30,Winter,2023,6,Q2
ORD_00467,2023-06-22,BUYER_014,Linen,Woven,2000,11.41,22821.42,Completed,39,16,53,30,Summer,2023,6,Q2
ORD_00468,2023-06-22,BUYER_025,Terry_Cloth,Knit,1889,4.51,8514.32,Completed,16,25,36,30,Summer,2023,6,Q2
ORD_00469,2023-06-23,BUYER_042,Polyester_Twill,Woven,5000,4.24,21194.15,Completed,28,20,47,30,Winter,2023,6,Q2
ORD_00470,2023-06-23,BUYER_030,Cotton_Plain,Woven,5097,6.53,33272.72,Shipped,20,21,44,60,Winter,2023,6,Q2
ORD_00471,2023-06-23,BUYER_031,Viscose_Rayon,Woven,1751,6.85,11997.33,Completed,17,29,48,30,Summer,2023,6,Q2
ORD_00472,2023-06-24,BUYER_040,Cotton_Twill,Woven,1662,6.66,11066.17,Completed,28,37,65,90,Spring,2023,6,Q2
ORD_00473,2023-06-25,BUYER_025,Cotton_Polyester_Blend,Woven,5525,6.01,33231.83,Completed,25,33,53,30,Autumn,2023,6,Q2
ORD_00474,2023-06-25,BUYER_012,Terry_Cloth,Knit,5288,4.79,25341.13,Completed,16,37,56,45,Autumn,2023,6,Q2
ORD_00475,2023-06-26,BUYER_025,Polyester_Satin,Woven,2885,5.15,14849.54,Shipped,41,29,75,30,Summer,2023,6,Q2
ORD_00476,2023-06-26,BUYER_035,Polyester_Plain,Woven,5000,3.41,17051.32,Completed,32,17,54,60,Summer,2023,6,Q2
ORD_00477,2023-06-26,BUYER_013,Polyester_Satin,Woven,2511,5.31,13322.69,Completed,41,36,76,30,Summer,2023,6,Q2
ORD_00478,2023-06-26,BUYER_043,Linen,Woven,2953,11.1,32778.11,Shipped,39,38,79,90,Spring,2023,6,Q2
ORD_00479,2023-06-27,BUYER_017,Polyester_Twill,Woven,5000,4.4,21990.71,Shipped,28,48,84,45,Winter,2023,6,Q2
ORD_00480,2023-06-27,BUYER_043,Polyester_Twill,Woven,5000,4.31,21539.57,Completed,28,37,74,90,Spring,2023,6,Q2
ORD_00481,2023-06-27,BUYER_043,Cotton_Denim,Woven,2345,9.01,21133.94,Completed,43,25,68,90,Spring,2023,6,Q2
ORD_00482,2023-06-27,BUYER_037,Terry_Cloth,Knit,2152,4.91,10558.55,Completed,16,19,42,45,Spring,2023,6,Q2
ORD_00483,2023-06-27,BUYER_028,Fleece,Knit,4137,7.69,31831.13,Shipped,39,23,70,45,Summer,2023,6,Q2
ORD_00484,2023-06-28,BUYER_030,Silk_Blend,Woven,1407,16.73,23543.02,Completed,30,27,62,60,Summer,2023,6,Q2
ORD_00485,2023-06-28,BUYER_025,Terry_Cloth,Knit,3314,4.33,14364.35,Shipped,16,31,46,30,Summer,2023,6,Q2
ORD_00486,2023-06-28,BUYER_010,Polyester_Plain,Woven,5000,3.33,16628.62,Shipped,32,27,59,60,Winter,2023,6,Q2
ORD_00487,2023-06-28,BUYER_035,Cotton_Polyester_Blend,Woven,2499,6.66,16644.54,Cancelled,25,23,45,60,Spring,2023,6,Q2
ORD_00488,2023-06-29,BUYER_027,Cotton_Denim,Woven,3756,8.27,31058.79,Completed,43,31,76,45,Winter,2023,6,Q2
ORD_00489,2023-06-29,BUYER_028,Terry_Cloth,Knit,3703,4.28,15847.27,Completed,16,23,47,45,Autumn,2023,6,Q2
ORD_00490,2023-06-29,BUYER_036,Polyester_Twill,Woven,5000,4.16,20782.94,Shipped,28,27,58,90,Autumn,2023,6,Q2
ORD_00491,2023-06-30,BUYER_044,Terry_Cloth,Knit,5858,4.78,28007.18,Completed,16,27,47,30,Winter,2023,6,Q2
ORD_00492,2023-06-30,BUYER_045,Cotton_Polyester_Blend,Woven,2283,7.07,16144.63,Completed,25,37,58,90,Summer,2023,6,Q2
ORD_00493,2023-07-02,BUYER_040,Viscose_Rayon,Woven,4411,7.87,34713.44,Completed,17,28,43,90,Autumn,2023,7,Q3
ORD_00494,2023-07-02,BUYER_037,Fleece,Knit,2000,7.02,14043.82,Shipped,39,27,66,45,Spring,2023,7,Q3
ORD_00495,2023-07-02,BUYER_035,Polyester_Plain,Woven,5000,3.29,16459.94,Completed,32,29,69,60,Winter,2023,7,Q3
ORD_00496,2023-07-03,BUYER_002,Polyester_Satin,Woven,2926,5.23,15306.43,Completed,41,27,71,60,Autumn,2023,7,Q3
ORD_00497,2023-07-03,BUYER_015,Polyester_Satin,Woven,2551,5.17,13198.0,Completed,41,31,75,45,Winter,2023,7,Q3
ORD_00498,2023-07-03,BUYER_011,Viscose_Rayon,Woven,2192,7.01,15368.43,Completed,17,36,54,45,Spring,2023,7,Q3
ORD_00499,2023-07-03,BUYER_042,Fleece,Knit,4782,7.43,35546.91,Shipped,39,23,69,30,Spring,2023,7,Q3
ORD_00500,2023-07-04,BUYER_033,Terry_Cloth,Knit,2093,4.69,9821.02,Completed,16,27,52,30,Winter,2023,7,Q3
ORD_00501,2023-07-04,BUYER_044,Fleece,Knit,3646,7.33,26743.33,Shipped,39,25,65,30,Spring,2023,7,Q3
ORD_00502,2023-07-04,BUYER_015,Polyester_Plain,Woven,5000,3.36,16804.39,Completed,32,28,63,45,Winter,2023,7,Q3
ORD_00503,2023-07-05,BUYER_003,Cotton_Plain,Woven,1409,7.0,9865.43,Completed,20,21,49,90,Autumn,2023,7,Q3
ORD_00504,2023-07-05,BUYER_014,Cotton_Plain,Woven,1961,6.71,13152.88,Shipped,20,25,42,30,Spring,2023,7,Q3
ORD_00505,2023-07-05,BUYER_002,Cotton_Twill,Woven,2201,6.44,14165.42,Completed,28,39,70,60,Spring,2023,7,Q3
ORD_00506,2023-07-05,BUYER_020,Viscose_Rayon,Woven,1257,6.87,8641.16,Completed,17,34,56,60,Winter,2023,7,Q3
ORD_00507,2023-07-06,BUYER_040,Fleece,Knit,4147,6.71,27840.04,Completed,39,28,71,90,Autumn,2023,7,Q3
ORD_00508,2023-07-06,BUYER_019,Polyester_Plain,Woven,5000,3.34,16688.69,Completed,32,30,67,45,Autumn,2023,7,Q3
ORD_00509,2023-07-06,BUYER_040,Cotton_Polyester_Blend,Woven,3165,6.21,19642.44,Completed,25,36,68,90,Winter,2023,7,Q3
ORD_00510,2023-07-06,BUYER_024,Cotton_Twill,Woven,2542,7.16,18210.36,Completed,28,25,58,45,Spring,2023,7,Q3
ORD_00511,2023-07-06,BUYER_004,Linen,Woven,4801,11.12,53368.4,Completed,39,37,82,30,Summer,2023,7,Q3
ORD_00512,2023-07-06,BUYER_045,Cotton_Twill,Woven,1196,6.14,7345.03,In_Production,28,31,65,90,Autumn,2023,7,Q3
ORD_00513,2023-07-07,BUYER_035,Linen,Woven,2000,9.92,19845.97,Completed,39,15,49,60,Autumn,2023,7,Q3
ORD_00514,2023-07-07,BUYER_030,Polyester_Satin,Woven,1032,4.94,5093.86,Completed,41,23,70,60,Spring,2023,7,Q3
ORD_00515,2023-07-07,BUYER_037,Polyester_Twill,Woven,5000,4.61,23026.04,Completed,28,16,44,45,Summer,2023,7,Q3
ORD_00516,2023-07-07,BUYER_026,Linen,Woven,3210,10.86,34858.57,Completed,39,32,78,45,Winter,2023,7,Q3
ORD_00517,2023-07-07,BUYER_042,Cotton_Twill,Woven,2676,6.66,17832.84,Shipped,28,21,52,30,Spring,2023,7,Q3
ORD_00518,2023-07-09,BUYER_032,Cotton_Denim,Woven,7251,8.61,62437.96,Completed,43,35,74,45,Summer,2023,7,Q3
ORD_00519,2023-07-10,BUYER_025,Terry_Cloth,Knit,3856,4.59,17704.38,In_Production,16,32,51,30,Summer,2023,7,Q3
ORD_00520,2023-07-10,BUYER_009,Cotton_Polyester_Blend,Woven,1523,5.98,9100.1,Completed,25,36,59,45,Summer,2023,7,Q3
ORD_00521,2023-07-11,BUYER_027,Viscose_Rayon,Woven,3916,7.42,29070.28,Completed,17,27,47,45,Summer,2023,7,Q3
ORD_00522,2023-07-12,BUYER_020,Linen,Woven,4842,10.1,48896.66,Completed,39,39,73,60,Spring,2023,7,Q3
ORD_00523,2023-07-12,BUYER_002,Polyester_Satin,Woven,5066,5.43,27504.51,Completed,41,27,66,60,Summer,2023,7,Q3
ORD_00524,2023-07-12,BUYER_020,Silk_Blend,Woven,4908,15.45,75833.34,Completed,30,35,64,60,Winter,2023,7,Q3
ORD_00525,2023-07-13,BUYER_002,Cotton_Denim,Woven,2244,8.3,18629.74,Shipped,43,28,69,60,Summer,2023,7,Q3
ORD_00526,2023-07-13,BUYER_001,Fleece,Knit,4620,6.83,31565.93,Shipped,39,25,60,45,Summer,2023,7,Q3
ORD_00527,2023-07-13,BUYER_026,Polyester_Plain,Woven,5000,3.61,18034.51,In_Production,32,36,77,45,Autumn,2023,7,Q3
ORD_00528,2023-07-14,BUYER_014,Cotton_Twill,Woven,2642,6.22,16420.86,Completed,28,21,57,30,Autumn,2023,7,Q3
ORD_00529,2023-07-15,BUYER_043,Polyester_Plain,Woven,5000,3.18,15897.34,Shipped,32,34,74,90,Autumn,2023,7,Q3
ORD_00530,2023-07-15,BUYER_027,Viscose_Rayon,Woven,2849,7.26,20688.49,Shipped,17,34,53,45,Summer,2023,7,Q3
ORD_00531,2023-07-17,BUYER_040,Polyester_Satin,Woven,4019,4.73,19022.59,Completed,41,25,74,90,Winter,2023,7,Q3
ORD_00532,2023-07-17,BUYER_027,Cotton_Polyester_Blend,Woven,5208,6.23,32445.16,Completed,25,35,62,45,Spring,2023,7,Q3
ORD_00533,2023-07-17,BUYER_023,Polyester_Satin,Woven,2129,5.09,10833.95,Completed,41,30,71,30,Summer,2023,7,Q3
ORD_00534,2023-07-18,BUYER_017,Terry_Cloth,Knit,5114,4.06,20760.71,Completed,16,38,51,45,Summer,2023,7,Q3
ORD_00535,2023-07-18,BUYER_032,Silk_Blend,Woven,5140,16.32,83865.38,Completed,30,30,65,45,Winter,2023,7,Q3
ORD_00536,2023-07-19,BUYER_007,Cotton_Plain,Woven,2788,7.09,19753.86,In_Production,20,39,57,60,Summer,2023,7,Q3
ORD_00537,2023-07-19,BUYER_014,Terry_Cloth,Knit,1976,4.2,8296.69,Completed,16,27,51,30,Summer,2023,7,Q3
ORD_00538,2023-07-19,BUYER_008,Cotton_Polyester_Blend,Woven,5437,6.46,35098.2,Completed,25,30,60,45,Spring,2023,7,Q3
ORD_00539,2023-07-19,BUYER_022,Polyester_Plain,Woven,5000,3.63,18168.7,Shipped,32,25,57,45,Spring,2023,7,Q3
ORD_00540,2023-07-19,BUYER_005,Polyester_Satin,Woven,1726,4.86,8392.68,Completed,41,16,62,45,Spring,2023,7,Q3
ORD_00541,2023-07-20,BUYER_017,Silk_Blend,Woven,1969,16.7,32879.33,Shipped,30,39,69,45,Summer,2023,7,Q3
ORD_00542,2023-07-20,BUYER_001,Cotton_Polyester_Blend,Woven,12721,6.56,83441.39,Completed,25,32,54,45,Summer,2023,7,Q3
ORD_00543,2023-07-20,BUYER_031,Silk_Blend,Woven,1735,17.02,29531.27,Completed,30,26,58,30,Spring,2023,7,Q3
ORD_00544,2023-07-21,BUYER_002,Polyester_Plain,Woven,5000,3.31,16564.96,Completed,32,33,61,60,Winter,2023,7,Q3
ORD_00545,2023-07-22,BUYER_021,Fleece,Knit,3457,7.05,24355.46,Completed,39,35,75,90,Summer,2023,7,Q3
ORD_00546,2023-07-22,BUYER_043,Polyester_Plain,Woven,5000,3.75,18725.28,Shipped,32,30,64,90,Spring,2023,7,Q3
ORD_00547,2023-07-23,BUYER_034,Linen,Woven,2000,10.62,21243.23,Completed,39,49,92,30,Winter,2023,7,Q3
ORD_00548,2023-07-24,BUYER_015,Cotton_Polyester_Blend,Woven,1085,6.4,6943.52,Completed,25,37,62,45,Summer,2023,7,Q3
ORD_00549,2023-07-24,BUYER_035,Polyester_Twill,Woven,5863,4.0,23465.83,Completed,28,18,49,60,Spring,2023,7,Q3
ORD_00550,2023-07-24,BUYER_018,Polyester_Plain,Woven,5000,3.14,15720.48,Completed,32,25,63,30,Autumn,2023,7,Q3
ORD_00551,2023-07-24,BUYER_011,Cotton_Plain,Woven,1218,6.3,7673.37,Completed,20,36,51,45,Winter,2023,7,Q3
ORD_00552,2023-07-24,BUYER_017,Viscose_Rayon,Woven,3172,6.63,21014.69,Completed,17,38,59,45,Spring,2023,7,Q3
ORD_00553,2023-07-26,BUYER_027,Polyester_Plain,Woven,5000,3.12,15585.85,Completed,32,32,59,45,Summer,2023,7,Q3
ORD_00554,2023-07-27,BUYER_043,Polyester_Satin,Woven,2257,5.14,11611.41,Completed,41,27,68,90,Spring,2023,7,Q3
ORD_00555,2023-07-28,BUYER_037,Polyester_Plain,Woven,5000,3.84,19193.85,Completed,32,28,63,45,Winter,2023,7,Q3
ORD_00556,2023-07-30,BUYER_013,Polyester_Twill,Woven,5000,4.89,24470.63,In_Production,28,30,53,30,Summer,2023,7,Q3
ORD_00557,2023-07-31,BUYER_024,Cotton_Twill,Woven,2284,6.3,14386.03,Completed,28,39,67,45,Winter,2023,7,Q3
ORD_00558,2023-08-01,BUYER_026,Silk_Blend,Woven,1200,17.65,21184.0,Shipped,30,32,68,45,Autumn,2023,8,Q3
ORD_00559,2023-08-01,BUYER_007,Linen,Woven,2639,11.21,29576.58,Completed,39,44,85,60,Spring,2023,8,Q3
ORD_00560,2023-08-01,BUYER_041,Cotton_Twill,Woven,4722,6.81,32141.19,Completed,28,19,56,45,Autumn,2023,8,Q3
ORD_00561,2023-08-01,BUYER_032,Silk_Blend,Woven,11755,15.26,179407.56,Completed,30,27,55,45,Autumn,2023,8,Q3
ORD_00562,2023-08-02,BUYER_043,Viscose_Rayon,Woven,2873,6.94,19935.54,Completed,17,28,44,90,Summer,2023,8,Q3
ORD_00563,2023-08-02,BUYER_043,Cotton_Denim,Woven,2190,7.94,17381.31,Shipped,43,31,69,90,Autumn,2023,8,Q3
ORD_00564,2023-08-02,BUYER_021,Cotton_Denim,Woven,4178,8.15,34051.94,Completed,43,35,77,90,Autumn,2023,8,Q3
ORD_00565,2023-08-04,BUYER_022,Fleece,Knit,2883,6.73,19412.67,Completed,39,30,77,45,Winter,2023,8,Q3
ORD_00566,2023-08-04,BUYER_036,Cotton_Denim,Woven,2000,8.54,17087.53,Completed,43,35,84,90,Autumn,2023,8,Q3
ORD_00567,2023-08-06,BUYER_016,Terry_Cloth,Knit,1000,4.32,4315.74,Completed,16,17,41,30,Winter,2023,8,Q3
ORD_00568,2023-08-07,BUYER_002,Cotton_Polyester_Blend,Woven,5111,6.38,32613.44,Completed,25,25,49,60,Spring,2023,8,Q3
ORD_00569,2023-08-07,BUYER_008,Polyester_Satin,Woven,3765,5.21,19620.75,Completed,41,34,70,45,Winter,2023,8,Q3
ORD_00570,2023-08-08,BUYER_002,Polyester_Satin,Woven,5428,5.36,29115.57,Completed,41,34,72,60,Winter,2023,8,Q3
ORD_00571,2023-08-08,BUYER_043,Fleece,Knit,2000,6.91,13818.01,Shipped,39,35,78,90,Autumn,2023,8,Q3
ORD_00572,2023-08-08,BUYER_017,Polyester_Twill,Woven,5000,4.07,20337.76,Cancelled,28,43,79,45,Summer,2023,8,Q3
ORD_00573,2023-08-08,BUYER_010,Cotton_Denim,Woven,4546,7.68,34929.4,Completed,43,36,76,60,Winter,2023,8,Q3
ORD_00574,2023-08-09,BUYER_030,Polyester_Twill,Woven,5956,4.73,28189.42,Completed,28,20,50,60,Autumn,2023,8,Q3
ORD_00575,2023-08-09,BUYER_012,Fleece,Knit,4226,8.06,34067.05,Completed,39,27,73,45,Summer,2023,8,Q3
ORD_00576,2023-08-10,BUYER_009,Cotton_Polyester_Blend,Woven,5953,6.43,38269.23,Completed,25,27,56,45,Summer,2023,8,Q3
ORD_00577,2023-08-11,BUYER_019,Cotton_Plain,Woven,3796,6.56,24919.23,Shipped,20,31,49,45,Spring,2023,8,Q3
ORD_00578,2023-08-12,BUYER_013,Polyester_Satin,Woven,4796,4.99,23921.63,Completed,41,27,66,30,Summer,2023,8,Q3
ORD_00579,2023-08-12,BUYER_018,Silk_Blend,Woven,1325,15.46,20478.76,Completed,30,24,63,30,Summer,2023,8,Q3
ORD_00580,2023-08-13,BUYER_029,Polyester_Satin,Woven,3614,5.35,19328.26,Completed,41,35,85,45,Summer,2023,8,Q3
ORD_00581,2023-08-13,BUYER_015,Polyester_Satin,Woven,1599,5.49,8785.25,Completed,41,28,76,45,Summer,2023,8,Q3
ORD_00582,2023-08-14,BUYER_002,Fleece,Knit,5833,7.74,45141.81,Completed,39,32,70,60,Spring,2023,8,Q3
ORD_00583,2023-08-14,BUYER_008,Polyester_Plain,Woven,5000,3.24,16217.53,Completed,32,33,66,45,Autumn,2023,8,Q3
ORD_00584,2023-08-14,BUYER_037,Silk_Blend,Woven,2222,16.83,37389.42,Completed,30,19,44,45,Autumn,2023,8,Q3
ORD_00585,2023-08-15,BUYER_028,Cotton_Denim,Woven,3529,8.57,30243.26,Completed,43,21,67,45,Winter,2023,8,Q3
ORD_00586,2023-08-16,BUYER_021,Polyester_Satin,Woven,1864,5.45,10161.97,Completed,41,30,72,90,Summer,2023,8,Q3
ORD_00587,2023-08-16,BUYER_017,Linen,Woven,2476,11.33,28064.75,Completed,39,31,78,45,Autumn,2023,8,Q3
ORD_00588,2023-08-16,BUYER_007,Fleece,Knit,2000,6.99,13989.4,Completed,39,39,84,60,Autumn,2023,8,Q3
ORD_00589,2023-08-17,BUYER_002,Polyester_Satin,Woven,5194,5.63,29233.99,Completed,41,33,73,60,Winter,2023,8,Q3
ORD_00590,2023-08-18,BUYER_035,Terry_Cloth,Knit,1668,4.75,7917.8,Shipped,16,27,47,60,Summer,2023,8,Q3
ORD_00591,2023-08-18,BUYER_025,Viscose_Rayon,Woven,4361,7.12,31039.45,Completed,17,31,45,30,Spring,2023,8,Q3
ORD_00592,2023-08-18,BUYER_045,Cotton_Polyester_Blend,Woven,709,6.27,4444.87,Completed,25,38,62,90,Summer,2023,8,Q3
ORD_00593,2023-08-19,BUYER_026,Cotton_Denim,Woven,2558,8.19,20938.23,Completed,43,39,86,45,Autumn,2023,8,Q3
ORD_00594,2023-08-19,BUYER_001,Cotton_Polyester_Blend,Woven,7869,6.85,53874.14,Shipped,25,31,63,45,Spring,2023,8,Q3
ORD_00595,2023-08-20,BUYER_013,Fleece,Knit,2268,7.62,17275.69,Completed,39,36,70,30,Winter,2023,8,Q3
ORD_00596,2023-08-21,BUYER_012,Silk_Blend,Woven,2704,16.96,45854.38,Completed,30,33,71,45,Spring,2023,8,Q3
ORD_00597,2023-08-21,BUYER_014,Polyester_Plain,Woven,5000,3.57,17853.27,Completed,32,24,52,30,Winter,2023,8,Q3
ORD_00598,2023-08-22,BUYER_002,Polyester_Plain,Woven,5000,3.55,17744.89,Completed,32,31,59,60,Autumn,2023,8,Q3
ORD_00599,2023-08-22,BUYER_003,Polyester_Twill,Woven,5000,4.88,24408.7,Shipped,28,23,51,90,Autumn,2023,8,Q3
ORD_00600,2023-08-23,BUYER_015,Silk_Blend,Woven,1000,16.43,16427.07,Completed,30,35,71,45,Autumn,2023,8,Q3
ORD_00601,2023-08-23,BUYER_027,Polyester_Twill,Woven,5000,4.42,22105.27,Completed,28,29,63,45,Summer,2023,8,Q3
ORD_00602,2023-08-24,BUYER_028,Silk_Blend,Woven,1713,16.17,27699.45,Completed,30,20,49,45,Autumn,2023,8,Q3
ORD_00603,2023-08-25,BUYER_028,Linen,Woven,5032,11.68,58781.48,Completed,39,27,75,45,Summer,2023,8,Q3
ORD_00604,2023-08-25,BUYER_019,Fleece,Knit,2000,7.0,13992.52,Completed,39,29,70,45,Autumn,2023,8,Q3
ORD_00605,2023-08-25,BUYER_024,Polyester_Plain,Woven,5000,3.48,17422.39,Completed,32,27,57,45,Spring,2023,8,Q3
ORD_00606,2023-08-28,BUYER_041,Polyester_Twill,Woven,5000,4.67,23362.3,Completed,28,19,49,45,Summer,2023,8,Q3
ORD_00607,2023-08-28,BUYER_018,Cotton_Polyester_Blend,Woven,2651,6.72,17816.37,Completed,25,15,37,30,Autumn,2023,8,Q3
ORD_00608,2023-08-28,BUYER_006,Terry_Cloth,Knit,2555,4.25,10849.22,Completed,16,29,40,45,Winter,2023,8,Q3
ORD_00609,2023-08-28,BUYER_035,Viscose_Rayon,Woven,5399,7.43,40105.27,In_Production,17,23,37,60,Spring,2023,8,Q3
ORD_00610,2023-08-28,BUYER_001,Polyester_Satin,Woven,7458,5.31,39573.06,Completed,41,34,78,45,Winter,2023,8,Q3
ORD_00611,2023-08-28,BUYER_008,Polyester_Twill,Woven,5497,4.77,26223.94,Completed,28,39,71,45,Winter,2023,8,Q3
ORD_00612,2023-08-28,BUYER_022,Cotton_Denim,Woven,2000,8.11,16229.75,Shipped,43,27,71,45,Autumn,2023,8,Q3
ORD_00613,2023-08-30,BUYER_011,Cotton_Plain,Woven,1866,6.55,12227.33,Completed,20,35,56,45,Summer,2023,8,Q3
ORD_00614,2023-08-30,BUYER_010,Fleece,Knit,6167,7.63,47080.69,Completed,39,34,74,60,Spring,2023,8,Q3
ORD_00615,2023-08-31,BUYER_010,Polyester_Plain,Woven,7829,3.21,25114.62,In_Production,32,26,67,60,Summer,2023,8,Q3
ORD_00616,2023-09-01,BUYER_033,Polyester_Satin,Woven,1104,5.23,5769.54,Completed,41,35,78,30,Summer,2023,9,Q3
ORD_00617,2023-09-01,BUYER_006,Polyester_Twill,Woven,5000,5.01,25049.55,Shipped,28,28,64,45,Autumn,2023,9,Q3
ORD_00618,2023-09-01,BUYER_019,Polyester_Twill,Woven,5000,4.74,23685.22,Completed,28,38,72,45,Winter,2023,9,Q3
ORD_00619,2023-09-01,BUYER_026,Cotton_Plain,Woven,5718,7.2,41192.93,Completed,20,37,59,45,Autumn,2023,9,Q3
ORD_00620,2023-09-02,BUYER_025,Terry_Cloth,Knit,4459,5.0,22317.13,Completed,16,36,52,30,Winter,2023,9,Q3
ORD_00621,2023-09-04,BUYER_005,Polyester_Twill,Woven,5000,4.7,23511.44,Completed,28,15,42,45,Winter,2023,9,Q3
ORD_00622,2023-09-05,BUYER_043,Polyester_Twill,Woven,5000,4.78,23875.57,Completed,28,37,64,90,Spring,2023,9,Q3
ORD_00623,2023-09-05,BUYER_006,Cotton_Polyester_Blend,Woven,3840,6.65,25553.06,Shipped,25,31,54,45,Autumn,2023,9,Q3
ORD_00624,2023-09-05,BUYER_012,Fleece,Knit,5531,8.16,45119.85,Completed,39,30,75,45,Summer,2023,9,Q3
ORD_00625,2023-09-05,BUYER_002,Viscose_Rayon,Woven,2326,7.35,17102.82,Completed,17,26,46,60,Autumn,2023,9,Q3
ORD_00626,2023-09-06,BUYER_017,Viscose_Rayon,Woven,1489,7.34,10929.36,Completed,17,30,52,45,Spring,2023,9,Q3
ORD_00627,2023-09-06,BUYER_006,Polyester_Twill,Woven,5000,4.78,23918.74,Completed,28,30,54,45,Spring,2023,9,Q3
ORD_00628,2023-09-06,BUYER_021,Polyester_Twill,Woven,5000,4.89,24456.2,Completed,28,32,56,90,Spring,2023,9,Q3
ORD_00629,2023-09-06,BUYER_026,Fleece,Knit,5451,7.31,39820.83,Completed,39,39,84,45,Winter,2023,9,Q3
ORD_00630,2023-09-07,BUYER_043,Cotton_Denim,Woven,2025,8.83,17882.7,Completed,43,34,79,90,Winter,2023,9,Q3
ORD_00631,2023-09-07,BUYER_011,Terry_Cloth,Knit,2951,4.76,14037.0,Completed,16,41,53,45,Summer,2023,9,Q3
ORD_00632,2023-09-07,BUYER_017,Cotton_Polyester_Blend,Woven,3172,6.44,20427.51,Completed,25,49,79,45,Winter,2023,9,Q3
ORD_00633,2023-09-07,BUYER_021,Cotton_Polyester_Blend,Woven,3420,7.21,24655.81,Completed,25,37,65,90,Winter,2023,9,Q3
ORD_00634,2023-09-07,BUYER_030,Cotton_Plain,Woven,4691,6.85,32149.23,Completed,20,26,48,60,Spring,2023,9,Q3
ORD_00635,2023-09-08,BUYER_010,Viscose_Rayon,Woven,6525,8.08,52722.9,Shipped,17,39,51,60,Spring,2023,9,Q3
ORD_00636,2023-09-08,BUYER_012,Cotton_Polyester_Blend,Woven,2586,6.63,17134.27,Completed,25,27,49,45,Autumn,2023,9,Q3
ORD_00637,2023-09-08,BUYER_025,Silk_Blend,Woven,1899,15.97,30324.32,Shipped,30,35,66,30,Winter,2023,9,Q3
ORD_00638,2023-09-09,BUYER_026,Polyester_Plain,Woven,5000,3.39,16966.01,Shipped,32,25,61,45,Autumn,2023,9,Q3
ORD_00639,2023-09-10,BUYER_040,Polyester_Twill,Woven,5710,4.63,26452.8,Completed,28,37,70,90,Spring,2023,9,Q3
ORD_00640,2023-09-11,BUYER_042,Cotton_Denim,Woven,2000,8.83,17657.74,Completed,43,15,60,30,Summer,2023,9,Q3
ORD_00641,2023-09-12,BUYER_022,Polyester_Twill,Woven,5000,4.75,23740.04,Completed,28,35,64,45,Summer,2023,9,Q3
ORD_00642,2023-09-12,BUYER_025,Terry_Cloth,Knit,4979,4.73,23552.73,Completed,16,34,52,30,Autumn,2023,9,Q3
ORD_00643,2023-09-12,BUYER_025,Viscose_Rayon,Woven,4689,7.84,36761.96,Completed,17,33,59,30,Summer,2023,9,Q3
ORD_00644,2023-09-13,BUYER_008,Silk_Blend,Woven,1254,17.87,22403.47,Shipped,30,34,63,45,Summer,2023,9,Q3
ORD_00645,2023-09-13,BUYER_010,Polyester_Twill,Woven,5000,4.46,22321.05,Completed,28,28,65,60,Winter,2023,9,Q3
ORD_00646,2023-09-13,BUYER_033,Terry_Cloth,Knit,1000,4.59,4594.57,Completed,16,25,48,30,Summer,2023,9,Q3
ORD_00647,2023-09-13,BUYER_008,Silk_Blend,Woven,1449,17.63,25550.75,Completed,30,33,71,45,Spring,2023,9,Q3
ORD_00648,2023-09-14,BUYER_002,Polyester_Twill,Woven,5000,4.98,24905.3,Completed,28,37,68,60,Autumn,2023,9,Q3
ORD_00649,2023-09-14,BUYER_010,Cotton_Plain,Woven,9951,7.52,74865.53,Completed,20,34,57,60,Summer,2023,9,Q3
ORD_00650,2023-09-14,BUYER_020,Polyester_Plain,Woven,5000,3.81,19036.77,Shipped,32,34,63,60,Summer,2023,9,Q3
ORD_00651,2023-09-14,BUYER_009,Polyester_Plain,Woven,5000,3.89,19430.62,Completed,32,32,63,45,Autumn,2023,9,Q3
ORD_00652,2023-09-15,BUYER_037,Polyester_Plain,Woven,5000,3.55,17767.49,Completed,32,28,60,45,Autumn,2023,9,Q3
ORD_00653,2023-09-15,BUYER_034,Cotton_Polyester_Blend,Woven,2799,6.83,19116.36,Completed,25,43,77,30,Spring,2023,9,Q3
ORD_00654,2023-09-15,BUYER_040,Cotton_Denim,Woven,4678,8.09,37846.43,Completed,43,28,76,90,Autumn,2023,9,Q3
ORD_00655,2023-09-16,BUYER_005,Cotton_Plain,Woven,3389,7.67,25990.77,Shipped,20,23,44,45,Winter,2023,9,Q3
ORD_00656,2023-09-17,BUYER_042,Polyester_Plain,Woven,5000,3.86,19285.81,Completed,32,28,62,30,Autumn,2023,9,Q3
ORD_00657,2023-09-17,BUYER_013,Terry_Cloth,Knit,3496,4.99,17449.45,Completed,16,28,40,30,Autumn,2023,9,Q3
ORD_00658,2023-09-17,BUYER_038,Polyester_Plain,Woven,5000,3.75,18757.34,Completed,32,25,65,30,Winter,2023,9,Q3
ORD_00659,2023-09-18,BUYER_033,Linen,Woven,2000,12.4,24792.04,Completed,39,38,76,30,Autumn,2023,9,Q3
ORD_00660,2023-09-18,BUYER_041,Polyester_Twill,Woven,5000,4.39,21969.33,Completed,28,22,51,45,Winter,2023,9,Q3
ORD_00661,2023-09-18,BUYER_012,Viscose_Rayon,Woven,5662,8.36,47338.41,Completed,17,33,52,45,Winter,2023,9,Q3
ORD_00662,2023-09-18,BUYER_040,Polyester_Plain,Woven,5000,3.92,19607.13,Shipped,32,32,72,90,Summer,2023,9,Q3
ORD_00663,2023-09-19,BUYER_043,Cotton_Denim,Woven,2000,8.54,17087.94,Completed,43,33,84,90,Autumn,2023,9,Q3
ORD_00664,2023-09-19,BUYER_010,Polyester_Plain,Woven,5000,3.51,17543.45,Completed,32,33,66,60,Winter,2023,9,Q3
ORD_00665,2023-09-19,BUYER_028,Fleece,Knit,3290,8.11,26687.28,Completed,39,29,76,45,Spring,2023,9,Q3
ORD_00666,2023-09-20,BUYER_039,Cotton_Plain,Woven,13309,6.76,90031.23,Completed,20,19,39,60,Spring,2023,9,Q3
ORD_00667,2023-09-20,BUYER_022,Polyester_Twill,Woven,5000,4.52,22619.8,Shipped,28,26,53,45,Spring,2023,9,Q3
ORD_00668,2023-09-21,BUYER_033,Linen,Woven,2000,12.27,24532.16,Completed,39,34,80,30,Summer,2023,9,Q3
ORD_00669,2023-09-21,BUYER_012,Polyester_Plain,Woven,5247,3.39,17807.0,Completed,32,36,69,45,Winter,2023,9,Q3
ORD_00670,2023-09-22,BUYER_015,Polyester_Satin,Woven,1240,5.58,6914.64,Completed,41,36,83,45,Winter,2023,9,Q3
ORD_00671,2023-09-22,BUYER_027,Linen,Woven,4991,10.91,54445.31,Completed,39,33,80,45,Winter,2023,9,Q3
ORD_00672,2023-09-22,BUYER_008,Cotton_Twill,Woven,5053,7.18,36297.98,Completed,28,34,57,45,Summer,2023,9,Q3
ORD_00673,2023-09-22,BUYER_021,Cotton_Denim,Woven,4974,8.19,40719.57,Completed,43,28,70,90,Autumn,2023,9,Q3
ORD_00674,2023-09-22,BUYER_006,Linen,Woven,4177,12.12,50622.76,Completed,39,30,65,45,Autumn,2023,9,Q3
ORD_00675,2023-09-22,BUYER_037,Cotton_Twill,Woven,4244,6.86,29097.87,Completed,28,21,49,45,Autumn,2023,9,Q3
ORD_00676,2023-09-22,BUYER_043,Cotton_Plain,Woven,924,6.94,6415.77,Shipped,20,26,54,90,Summer,2023,9,Q3
ORD_00677,2023-09-22,BUYER_013,Polyester_Satin,Woven,4438,5.81,25773.53,Shipped,41,28,76,30,Autumn,2023,9,Q3
ORD_00678,2023-09-24,BUYER_016,Terry_Cloth,Knit,1000,4.87,4871.68,Completed,16,27,49,30,Summer,2023,9,Q3
ORD_00679,2023-09-24,BUYER_027,Polyester_Satin,Woven,2844,5.52,15706.32,Completed,41,36,82,45,Spring,2023,9,Q3
ORD_00680,2023-09-25,BUYER_005,Cotton_Denim,Woven,4905,8.32,40786.12,Completed,43,17,57,45,Autumn,2023,9,Q3
ORD_00681,2023-09-25,BUYER_036,Linen,Woven,4510,12.43,56039.23,Completed,39,29,71,90,Autumn,2023,9,Q3
ORD_00682,2023-09-25,BUYER_007,Polyester_Satin,Woven,1316,5.72,7527.29,Completed,41,34,77,60,Autumn,2023,9,Q3
ORD_00683,2023-09-26,BUYER_020,Cotton_Twill,Woven,2605,6.95,18104.42,Completed,28,39,74,60,Spring,2023,9,Q3
ORD_00684,2023-09-26,BUYER_037,Cotton_Denim,Woven,2676,9.41,25180.45,Completed,43,20,61,45,Spring,2023,9,Q3
ORD_00685,2023-09-26,BUYER_039,Silk_Blend,Woven,7414,18.52,137332.13,Completed,30,23,50,60,Spring,2023,9,Q3
ORD_00686,2023-09-26,BUYER_022,Viscose_Rayon,Woven,1891,8.39,15873.28,Completed,17,28,53,45,Winter,2023,9,Q3
ORD_00687,2023-09-27,BUYER_009,Linen,Woven,4320,12.35,53333.54,Shipped,39,39,77,45,Spring,2023,9,Q3
ORD_00688,2023-09-28,BUYER_042,Cotton_Twill,Woven,3892,7.19,27980.22,Completed,28,23,47,30,Autumn,2023,9,Q3
ORD_00689,2023-09-28,BUYER_011,Cotton_Plain,Woven,2583,7.77,20079.82,Completed,20,38,64,45,Winter,2023,9,Q3
ORD_00690,2023-09-28,BUYER_036,Cotton_Plain,Woven,1836,6.76,12412.85,Completed,20,27,56,90,Winter,2023,9,Q3
ORD_00691,2023-09-29,BUYER_034,Fleece,Knit,2079,7.78,16167.23,Completed,39,46,90,30,Autumn,2023,9,Q3
ORD_00692,2023-09-29,BUYER_006,Cotton_Plain,Woven,3731,7.24,27023.37,Completed,20,25,46,45,Winter,2023,9,Q3
ORD_00693,2023-09-29,BUYER_034,Terry_Cloth,Knit,1952,4.75,9270.22,Shipped,16,32,54,30,Spring,2023,9,Q3
ORD_00694,2023-09-29,BUYER_019,Cotton_Twill,Woven,2375,7.36,17471.32,Shipped,28,27,56,45,Spring,2023,9,Q3
ORD_00695,2023-09-29,BUYER_032,Terry_Cloth,Knit,3111,4.84,15067.22,Completed,16,34,51,45,Winter,2023,9,Q3
ORD_00696,2023-09-29,BUYER_010,Polyester_Plain,Woven,9549,3.89,37175.26,Completed,32,32,69,60,Winter,2023,9,Q3
ORD_00697,2023-10-01,BUYER_003,Cotton_Polyester_Blend,Woven,1543,7.34,11330.46,Completed,25,18,46,90,Summer,2023,10,Q4
ORD_00698,2023-10-01,BUYER_034,Terry_Cloth,Knit,2477,5.11,12650.12,Completed,16,49,72,30,Spring,2023,10,Q4
ORD_00699,2023-10-02,BUYER_027,Silk_Blend,Woven,5123,17.89,91675.47,Completed,30,39,69,45,Summer,2023,10,Q4
ORD_00700,2023-10-02,BUYER_022,Viscose_Rayon,Woven,1742,7.71,13433.65,Completed,17,35,52,45,Winter,2023,10,Q4
ORD_00701,2023-10-02,BUYER_042,Polyester_Twill,Woven,5000,4.51,22574.08,Completed,28,28,54,30,Spring,2023,10,Q4
ORD_00702,2023-10-02,BUYER_024,Silk_Blend,Woven,5699,16.24,92560.69,Shipped,30,38,76,45,Autumn,2023,10,Q4
ORD_00703,2023-10-03,BUYER_015,Polyester_Twill,Woven,5000,5.02,25116.02,Completed,28,37,73,45,Winter,2023,10,Q4
ORD_00704,2023-10-03,BUYER_045,Viscose_Rayon,Woven,2848,7.61,21679.16,Completed,17,33,55,90,Winter,2023,10,Q4
ORD_00705,2023-10-03,BUYER_020,Cotton_Denim,Woven,2272,8.3,18867.32,Completed,43,31,73,60,Summer,2023,10,Q4
ORD_00706,2023-10-04,BUYER_043,Viscose_Rayon,Woven,1000,8.41,8412.96,Shipped,17,34,52,90,Autumn,2023,10,Q4
ORD_00707,2023-10-05,BUYER_009,Viscose_Rayon,Woven,4706,8.48,39897.58,Completed,17,33,51,45,Winter,2023,10,Q4
ORD_00708,2023-10-05,BUYER_020,Terry_Cloth,Knit,3310,5.0,16541.91,Completed,16,28,41,60,Autumn,2023,10,Q4
ORD_00709,2023-10-05,BUYER_001,Cotton_Plain,Woven,10293,6.77,69663.51,Completed,20,31,53,45,Summer,2023,10,Q4
ORD_00710,2023-10-06,BUYER_020,Linen,Woven,5633,12.36,69640.4,Completed,39,34,68,60,Spring,2023,10,Q4
ORD_00711,2023-10-06,BUYER_042,Cotton_Polyester_Blend,Woven,5609,6.52,36594.72,Completed,25,19,50,30,Summer,2023,10,Q4
ORD_00712,2023-10-06,BUYER_030,Cotton_Polyester_Blend,Woven,1915,6.87,13150.28,Completed,25,29,51,60,Winter,2023,10,Q4
ORD_00713,2023-10-06,BUYER_039,Terry_Cloth,Knit,14977,4.82,72179.73,Shipped,16,28,41,60,Summer,2023,10,Q4
ORD_00714,2023-10-06,BUYER_002,Polyester_Plain,Woven,5000,3.77,18826.96,Completed,32,35,73,60,Autumn,2023,10,Q4
ORD_00715,2023-10-06,BUYER_018,Cotton_Denim,Woven,2000,8.64,17270.83,Completed,43,16,58,30,Winter,2023,10,Q4
ORD_00716,2023-10-07,BUYER_024,Polyester_Twill,Woven,5000,4.79,23933.93,Shipped,28,30,55,45,Autumn,2023,10,Q4
ORD_00717,2023-10-07,BUYER_030,Fleece,Knit,3367,8.34,28074.54,Completed,39,19,58,60,Spring,2023,10,Q4
ORD_00718,2023-10-07,BUYER_033,Terry_Cloth,Knit,1000,4.55,4547.11,Completed,16,34,58,30,Autumn,2023,10,Q4
ORD_00719,2023-10-08,BUYER_017,Cotton_Denim,Woven,3222,8.45,27239.83,Completed,43,31,77,45,Winter,2023,10,Q4
ORD_00720,2023-10-09,BUYER_043,Cotton_Plain,Woven,2535,7.56,19167.86,Completed,20,33,53,90,Summer,2023,10,Q4
ORD_00721,2023-10-09,BUYER_004,Cotton_Polyester_Blend,Woven,2569,6.63,17044.72,Completed,25,35,58,30,Autumn,2023,10,Q4
ORD_00722,2023-10-09,BUYER_015,Linen,Woven,2000,12.24,24470.94,Completed,39,27,74,45,Winter,2023,10,Q4
ORD_00723,2023-10-09,BUYER_003,Silk_Blend,Woven,1416,16.55,23433.9,Completed,30,29,62,90,Summer,2023,10,Q4
ORD_00724,2023-10-09,BUYER_017,Terry_Cloth,Knit,3598,4.72,16975.58,In_Production,16,47,63,45,Winter,2023,10,Q4
ORD_00725,2023-10-10,BUYER_043,Polyester_Satin,Woven,1000,5.82,5818.67,Completed,41,26,76,90,Winter,2023,10,Q4
ORD_00726,2023-10-10,BUYER_045,Terry_Cloth,Knit,1225,4.86,5957.74,Completed,16,31,46,90,Summer,2023,10,Q4
ORD_00727,2023-10-11,BUYER_040,Viscose_Rayon,Woven,1540,7.55,11623.04,Shipped,17,34,60,90,Autumn,2023,10,Q4
ORD_00728,2023-10-11,BUYER_018,Polyester_Satin,Woven,2044,5.17,10574.8,Completed,41,21,66,30,Winter,2023,10,Q4
ORD_00729,2023-10-11,BUYER_034,Linen,Woven,2464,11.84,29177.26,Completed,39,37,80,30,Summer,2023,10,Q4
ORD_00730,2023-10-12,BUYER_040,Cotton_Twill,Woven,3331,7.6,25328.36,Shipped,28,30,59,90,Summer,2023,10,Q4
ORD_00731,2023-10-12,BUYER_006,Silk_Blend,Woven,5621,16.59,93235.89,Completed,30,33,58,45,Winter,2023,10,Q4
ORD_00732,2023-10-12,BUYER_012,Polyester_Plain,Woven,5000,3.39,16929.56,Completed,32,31,59,45,Summer,2023,10,Q4
ORD_00733,2023-10-13,BUYER_016,Fleece,Knit,2344,7.51,17598.14,Completed,39,21,64,30,Spring,2023,10,Q4
ORD_00734,2023-10-13,BUYER_040,Cotton_Polyester_Blend,Woven,5272,7.04,37125.46,Completed,25,39,70,90,Spring,2023,10,Q4
ORD_00735,2023-10-13,BUYER_030,Fleece,Knit,2000,7.83,15666.56,Completed,39,25,68,60,Winter,2023,10,Q4
ORD_00736,2023-10-13,BUYER_040,Viscose_Rayon,Woven,2183,7.32,15986.52,Completed,17,30,55,90,Spring,2023,10,Q4
ORD_00737,2023-10-15,BUYER_016,Silk_Blend,Woven,1000,16.22,16215.2,Completed,30,25,63,30,Winter,2023,10,Q4
ORD_00738,2023-10-16,BUYER_009,Silk_Blend,Woven,5992,16.2,97068.51,Completed,30,28,64,45,Spring,2023,10,Q4
ORD_00739,2023-10-16,BUYER_020,Polyester_Satin,Woven,1394,5.14,7170.86,Completed,41,33,72,60,Winter,2023,10,Q4
ORD_00740,2023-10-16,BUYER_004,Cotton_Denim,Woven,5629,9.32,52440.05,Completed,43,35,76,30,Autumn,2023,10,Q4
ORD_00741,2023-10-16,BUYER_020,Polyester_Twill,Woven,5000,4.81,24056.91,Completed,28,30,57,60,Winter,2023,10,Q4
ORD_00742,2023-10-17,BUYER_034,Polyester_Plain,Woven,5000,3.48,17413.22,Completed,32,44,77,30,Spring,2023,10,Q4
ORD_00743,2023-10-17,BUYER_022,Polyester_Satin,Woven,1029,5.57,5727.24,Completed,41,35,82,45,Summer,2023,10,Q4
ORD_00744,2023-10-18,BUYER_016,Silk_Blend,Woven,1000,16.22,16216.44,Completed,30,27,60,30,Autumn,2023,10,Q4
ORD_00745,2023-10-19,BUYER_029,Fleece,Knit,4206,7.58,31865.34,Completed,39,26,67,45,Summer,2023,10,Q4
ORD_00746,2023-10-19,BUYER_001,Viscose_Rayon,Woven,12386,7.86,97381.9,Completed,17,38,59,45,Autumn,2023,10,Q4
ORD_00747,2023-10-20,BUYER_039,Cotton_Plain,Woven,9325,6.93,64632.04,Completed,20,26,44,60,Autumn,2023,10,Q4
ORD_00748,2023-10-20,BUYER_003,Cotton_Polyester_Blend,Woven,1009,6.89,6954.86,Completed,25,17,49,90,Autumn,2023,10,Q4
ORD_00749,2023-10-20,BUYER_032,Polyester_Twill,Woven,8444,4.74,40015.07,Completed,28,35,62,45,Autumn,2023,10,Q4
ORD_00750,2023-10-20,BUYER_004,Fleece,Knit,4910,7.5,36813.88,Completed,39,28,76,30,Winter,2023,10,Q4
ORD_00751,2023-10-20,BUYER_001,Polyester_Satin,Woven,8178,5.68,46445.18,Shipped,41,37,83,45,Winter,2023,10,Q4
ORD_00752,2023-10-20,BUYER_033,Linen,Woven,2350,11.34,26650.68,Completed,39,29,68,30,Autumn,2023,10,Q4
ORD_00753,2023-10-20,BUYER_037,Fleece,Knit,4872,7.47,36387.86,Completed,39,16,54,45,Winter,2023,10,Q4
ORD_00754,2023-10-20,BUYER_021,Silk_Blend,Woven,2464,16.16,39823.94,Completed,30,37,73,90,Autumn,2023,10,Q4
ORD_00755,2023-10-20,BUYER_044,Linen,Woven,3660,10.95,40068.5,Completed,39,16,60,30,Winter,2023,10,Q4
ORD_00756,2023-10-21,BUYER_013,Cotton_Plain,Woven,2926,7.45,21805.39,Completed,20,31,47,30,Winter,2023,10,Q4
ORD_00757,2023-10-21,BUYER_024,Silk_Blend,Woven,5256,17.27,90790.15,Completed,30,28,54,45,Summer,2023,10,Q4
ORD_00758,2023-10-21,BUYER_045,Viscose_Rayon,Woven,1000,8.14,8143.4,Completed,17,30,45,90,Winter,2023,10,Q4
ORD_00759,2023-10-22,BUYER_039,Terry_Cloth,Knit,9901,4.57,45241.01,Completed,16,25,40,60,Summer,2023,10,Q4
ORD_00760,2023-10-22,BUYER_008,Viscose_Rayon,Woven,4959,7.91,39216.55,Completed,17,34,47,45,Winter,2023,10,Q4
ORD_00761,2023-10-23,BUYER_033,Polyester_Satin,Woven,1756,5.28,9278.22,Completed,41,39,82,30,Summer,2023,10,Q4
ORD_00762,2023-10-23,BUYER_004,Polyester_Plain,Woven,5000,3.42,17098.14,Completed,32,36,69,30,Summer,2023,10,Q4
ORD_00763,2023-10-24,BUYER_032,Silk_Blend,Woven,4002,18.31,73283.3,Completed,30,38,65,45,Winter,2023,10,Q4
ORD_00764,2023-10-24,BUYER_037,Cotton_Plain,Woven,2716,7.42,20139.7,Completed,20,18,37,45,Winter,2023,10,Q4
ORD_00765,2023-10-24,BUYER_015,Linen,Woven,2000,11.27,22549.91,Completed,39,25,69,45,Spring,2023,10,Q4
ORD_00766,2023-10-24,BUYER_013,Polyester_Twill,Woven,5000,4.34,21686.82,Completed,28,26,63,30,Summer,2023,10,Q4
ORD_00767,2023-10-24,BUYER_022,Cotton_Polyester_Blend,Woven,1535,7.34,11264.87,Completed,25,30,50,45,Autumn,2023,10,Q4
ORD_00768,2023-10-25,BUYER_015,Linen,Woven,2969,11.03,32752.03,Completed,39,29,65,45,Spring,2023,10,Q4
ORD_00769,2023-10-26,BUYER_041,Polyester_Twill,Woven,5000,4.85,24230.75,Completed,28,18,54,45,Autumn,2023,10,Q4
ORD_00770,2023-10-26,BUYER_028,Cotton_Plain,Woven,3826,7.71,29498.34,Completed,20,29,51,45,Autumn,2023,10,Q4
ORD_00771,2023-10-26,BUYER_021,Polyester_Plain,Woven,5761,3.94,22711.91,Completed,32,31,61,90,Autumn,2023,10,Q4
ORD_00772,2023-10-26,BUYER_004,Linen,Woven,5779,11.47,66284.33,Completed,39,28,73,30,Spring,2023,10,Q4
ORD_00773,2023-10-27,BUYER_040,Polyester_Twill,Woven,5000,4.69,23448.16,Completed,28,30,57,90,Autumn,2023,10,Q4
ORD_00774,2023-10-27,BUYER_042,Polyester_Twill,Woven,5000,4.34,21715.16,Completed,28,26,56,30,Summer,2023,10,Q4
ORD_00775,2023-10-27,BUYER_026,Cotton_Plain,Woven,3120,7.66,23895.57,In_Production,20,39,54,45,Winter,2023,10,Q4
ORD_00776,2023-10-27,BUYER_014,Polyester_Plain,Woven,5000,3.47,17371.51,Shipped,32,15,55,30,Winter,2023,10,Q4
ORD_00777,2023-10-27,BUYER_029,Fleece,Knit,4324,7.21,31176.26,Completed,39,26,64,45,Summer,2023,10,Q4
ORD_00778,2023-10-27,BUYER_005,Fleece,Knit,2000,7.44,14873.22,Completed,39,23,61,45,Summer,2023,10,Q4
ORD_00779,2023-10-28,BUYER_028,Cotton_Plain,Woven,1617,7.51,12142.05,Completed,20,26,48,45,Summer,2023,10,Q4
ORD_00780,2023-10-30,BUYER_042,Terry_Cloth,Knit,1329,4.56,6054.31,Completed,16,29,40,30,Winter,2023,10,Q4
ORD_00781,2023-10-30,BUYER_004,Fleece,Knit,4119,7.45,30675.97,Shipped,39,32,74,30,Spring,2023,10,Q4
ORD_00782,2023-10-30,BUYER_016,Cotton_Denim,Woven,2000,9.29,18573.81,Completed,43,27,76,30,Summer,2023,10,Q4
ORD_00783,2023-10-30,BUYER_013,Cotton_Denim,Woven,3453,8.01,27657.38,Shipped,43,39,88,30,Autumn,2023,10,Q4
ORD_00784,2023-10-30,BUYER_045,Cotton_Plain,Woven,1161,7.4,8593.92,Completed,20,31,60,90,Winter,2023,10,Q4
ORD_00785,2023-10-30,BUYER_028,Fleece,Knit,5607,7.93,44465.56,Completed,39,28,65,45,Winter,2023,10,Q4
ORD_00786,2023-10-30,BUYER_005,Polyester_Twill,Woven,5000,4.88,24378.01,Completed,28,23,54,45,Winter,2023,10,Q4
ORD_00787,2023-10-30,BUYER_029,Fleece,Knit,4381,7.2,31532.91,Completed,39,34,68,45,Autumn,2023,10,Q4
ORD_00788,2023-10-31,BUYER_020,Linen,Woven,3559,11.4,40569.09,Completed,39,29,75,60,Autumn,2023,10,Q4
ORD_00789,2023-10-31,BUYER_019,Silk_Blend,Woven,3832,18.07,69233.07,Completed,30,38,73,45,Autumn,2023,10,Q4
ORD_00790,2023-10-31,BUYER_019,Silk_Blend,Woven,1743,17.01,29650.96,Completed,30,35,69,45,Summer,2023,10,Q4
ORD_00791,2023-11-01,BUYER_006,Viscose_Rayon,Woven,1326,8.72,11556.92,Completed,17,32,58,45,Autumn,2023,11,Q4
ORD_00792,2023-11-01,BUYER_027,Cotton_Denim,Woven,5174,9.12,47165.86,Completed,43,27,69,45,Autumn,2023,11,Q4
ORD_00793,2023-11-01,BUYER_012,Polyester_Twill,Woven,5000,4.93,24644.27,Completed,28,35,63,45,Spring,2023,11,Q4
ORD_00794,2023-11-01,BUYER_045,Polyester_Plain,Woven,5000,4.03,20167.82,Shipped,32,32,69,90,Spring,2023,11,Q4
ORD_00795,2023-11-01,BUYER_038,Polyester_Plain,Woven,5000,4.46,22284.08,Completed,32,19,53,30,Spring,2023,11,Q4
ORD_00796,2023-11-02,BUYER_019,Polyester_Plain,Woven,5000,3.7,18503.8,Completed,32,32,67,45,Autumn,2023,11,Q4
ORD_00797,2023-11-02,BUYER_015,Viscose_Rayon,Woven,2421,8.3,20090.89,Completed,17,28,49,45,Winter,2023,11,Q4
ORD_00798,2023-11-02,BUYER_010,Linen,Woven,9523,12.53,119315.7,Completed,39,25,67,60,Spring,2023,11,Q4
ORD_00799,2023-11-02,BUYER_035,Cotton_Plain,Woven,5597,7.9,44220.91,Shipped,20,21,48,60,Summer,2023,11,Q4
ORD_00800,2023-11-04,BUYER_001,Viscose_Rayon,Woven,5078,8.43,42798.41,Completed,17,26,40,45,Winter,2023,11,Q4
ORD_00801,2023-11-05,BUYER_004,Terry_Cloth,Knit,4107,4.96,20375.61,Completed,16,28,39,30,Winter,2023,11,Q4
ORD_00802,2023-11-06,BUYER_019,Viscose_Rayon,Woven,5432,8.26,44874.02,Completed,17,36,50,45,Spring,2023,11,Q4
ORD_00803,2023-11-06,BUYER_019,Terry_Cloth,Knit,3541,5.04,17846.18,Completed,16,25,48,45,Winter,2023,11,Q4
ORD_00804,2023-11-07,BUYER_025,Fleece,Knit,2000,8.88,17767.55,Shipped,39,28,62,30,Spring,2023,11,Q4
ORD_00805,2023-11-07,BUYER_038,Cotton_Denim,Woven,2000,9.18,18363.54,Completed,43,15,66,30,Autumn,2023,11,Q4
ORD_00806,2023-11-07,BUYER_030,Cotton_Plain,Woven,5452,7.74,42183.95,Completed,20,21,40,60,Autumn,2023,11,Q4
ORD_00807,2023-11-07,BUYER_027,Cotton_Twill,Woven,1674,7.28,12191.37,Completed,28,27,56,45,Autumn,2023,11,Q4
ORD_00808,2023-11-08,BUYER_035,Polyester_Satin,Woven,1477,5.82,8597.19,Completed,41,20,63,60,Summer,2023,11,Q4
ORD_00809,2023-11-08,BUYER_020,Polyester_Plain,Woven,5048,4.11,20734.27,Completed,32,30,59,60,Spring,2023,11,Q4
ORD_00810,2023-11-08,BUYER_002,Terry_Cloth,Knit,1771,5.36,9497.33,Completed,16,27,42,60,Autumn,2023,11,Q4
ORD_00811,2023-11-08,BUYER_040,Polyester_Twill,Woven,5000,5.16,25775.96,Shipped,28,36,60,90,Spring,2023,11,Q4
ORD_00812,2023-11-09,BUYER_032,Cotton_Denim,Woven,11446,9.76,111716.27,Completed,43,36,86,45,Autumn,2023,11,Q4
ORD_00813,2023-11-09,BUYER_041,Polyester_Twill,Woven,5000,4.84,24189.15,Completed,28,19,52,45,Spring,2023,11,Q4
ORD_00814,2023-11-09,BUYER_031,Polyester_Twill,Woven,5000,4.86,24293.64,Completed,28,25,51,30,Spring,2023,11,Q4
ORD_00815,2023-11-09,BUYER_044,Polyester_Plain,Woven,5000,3.92,19583.03,Completed,32,29,59,30,Summer,2023,11,Q4
ORD_00816,2023-11-10,BUYER_016,Polyester_Twill,Woven,5000,4.96,24821.57,Completed,28,29,57,30,Summer,2023,11,Q4
ORD_00817,2023-11-10,BUYER_032,Silk_Blend,Woven,6641,19.27,127961.13,Completed,30,27,62,45,Summer,2023,11,Q4
ORD_00818,2023-11-10,BUYER_019,Cotton_Denim,Woven,2000,8.97,17939.0,Completed,43,33,73,45,Spring,2023,11,Q4
ORD_00819,2023-11-11,BUYER_008,Polyester_Twill,Woven,5000,4.72,23585.38,Completed,28,35,70,45,Autumn,2023,11,Q4
ORD_00820,2023-11-11,BUYER_003,Cotton_Polyester_Blend,Woven,1733,7.52,13024.37,Completed,25,15,42,90,Spring,2023,11,Q4
ORD_00821,2023-11-12,BUYER_013,Polyester_Twill,Woven,5166,5.49,28367.26,Completed,28,28,55,30,Spring,2023,11,Q4
ORD_00822,2023-11-13,BUYER_029,Cotton_Denim,Woven,5452,8.65,47171.48,Completed,43,39,90,45,Spring,2023,11,Q4
ORD_00823,2023-11-13,BUYER_022,Viscose_Rayon,Woven,1278,8.99,11484.99,Shipped,17,32,53,45,Summer,2023,11,Q4
ORD_00824,2023-11-13,BUYER_006,Cotton_Plain,Woven,1580,8.0,12646.82,Completed,20,35,57,45,Autumn,2023,11,Q4
ORD_00825,2023-11-13,BUYER_041,Fleece,Knit,3009,9.25,27831.37,Completed,39,24,69,45,Summer,2023,11,Q4
ORD_00826,2023-11-14,BUYER_012,Terry_Cloth,Knit,1732,5.43,9396.28,Completed,16,25,40,45,Autumn,2023,11,Q4
ORD_00827,2023-11-14,BUYER_029,Cotton_Denim,Woven,4639,9.5,44090.25,In_Production,43,29,79,45,Autumn,2023,11,Q4
ORD_00828,2023-11-15,BUYER_012,Linen,Woven,4426,11.76,52065.45,Completed,39,31,75,45,Autumn,2023,11,Q4
ORD_00829,2023-11-15,BUYER_004,Polyester_Twill,Woven,5000,5.4,27008.37,Completed,28,27,50,30,Summer,2023,11,Q4
ORD_00830,2023-11-15,BUYER_041,Silk_Blend,Woven,1443,19.64,28343.93,Completed,30,16,54,45,Spring,2023,11,Q4
ORD_00831,2023-11-15,BUYER_037,Polyester_Plain,Woven,5770,3.97,22911.98,Completed,32,20,57,45,Autumn,2023,11,Q4
ORD_00832,2023-11-15,BUYER_033,Fleece,Knit,2285,7.78,17767.44,Completed,39,37,77,30,Summer,2023,11,Q4
ORD_00833,2023-11-15,BUYER_015,Silk_Blend,Woven,1000,18.28,18275.87,Completed,30,38,72,45,Spring,2023,11,Q4
ORD_00834,2023-11-15,BUYER_003,Polyester_Twill,Woven,5000,5.23,26139.66,Completed,28,15,48,90,Autumn,2023,11,Q4
ORD_00835,2023-11-16,BUYER_038,Linen,Woven,2484,14.05,34906.72,Completed,39,25,73,30,Summer,2023,11,Q4
ORD_00836,2023-11-16,BUYER_001,Viscose_Rayon,Woven,12178,8.9,108343.71,Completed,17,26,39,45,Winter,2023,11,Q4
ORD_00837,2023-11-17,BUYER_041,Polyester_Satin,Woven,3174,6.21,19714.24,Completed,41,16,55,45,Spring,2023,11,Q4
ORD_00838,2023-11-20,BUYER_009,Polyester_Plain,Woven,5000,3.96,19775.08,Completed,32,26,59,45,Summer,2023,11,Q4
ORD_00839,2023-11-20,BUYER_039,Polyester_Twill,Woven,8591,5.23,44970.79,Completed,28,29,61,60,Autumn,2023,11,Q4
ORD_00840,2023-11-20,BUYER_019,Cotton_Denim,Woven,3562,9.34,33256.58,Completed,43,32,75,45,Winter,2023,11,Q4
ORD_00841,2023-11-20,BUYER_020,Cotton_Twill,Woven,2415,7.35,17746.44,Completed,28,35,68,60,Spring,2023,11,Q4
ORD_00842,2023-11-21,BUYER_035,Viscose_Rayon,Woven,2802,8.32,23316.98,Completed,17,20,33,60,Summer,2023,11,Q4
ORD_00843,2023-11-21,BUYER_032,Cotton_Polyester_Blend,Woven,5211,7.5,39070.43,Completed,25,38,61,45,Autumn,2023,11,Q4
ORD_00844,2023-11-21,BUYER_042,Polyester_Twill,Woven,5000,5.06,25306.21,Completed,28,17,51,30,Autumn,2023,11,Q4
ORD_00845,2023-11-21,BUYER_032,Cotton_Twill,Woven,3304,7.64,25238.77,Completed,28,33,56,45,Summer,2023,11,Q4
ORD_00846,2023-11-22,BUYER_042,Cotton_Plain,Woven,2425,7.65,18551.8,Completed,20,27,42,30,Autumn,2023,11,Q4
ORD_00847,2023-11-23,BUYER_011,Linen,Woven,2000,12.53,25068.6,Completed,39,41,75,45,Spring,2023,11,Q4
ORD_00848,2023-11-23,BUYER_028,Cotton_Twill,Woven,4991,7.78,38837.41,Shipped,28,18,50,45,Summer,2023,11,Q4
ORD_00849,2023-11-23,BUYER_021,Viscose_Rayon,Woven,2713,9.05,24560.89,Completed,17,31,49,90,Summer,2023,11,Q4
ORD_00850,2023-11-24,BUYER_004,Cotton_Plain,Woven,4168,7.85,32737.13,Completed,20,31,52,30,Winter,2023,11,Q4
ORD_00851,2023-11-24,BUYER_006,Polyester_Twill,Woven,5140,4.95,25430.65,Completed,28,33,67,45,Autumn,2023,11,Q4
ORD_00852,2023-11-24,BUYER_033,Cotton_Plain,Woven,1717,8.09,13890.58,Completed,20,34,56,30,Winter,2023,11,Q4
ORD_00853,2023-11-25,BUYER_038,Linen,Woven,2000,14.0,28003.93,Completed,39,19,53,30,Spring,2023,11,Q4
ORD_00854,2023-11-26,BUYER_045,Cotton_Denim,Woven,2000,10.31,20610.91,Completed,43,27,75,90,Spring,2023,11,Q4
ORD_00855,2023-11-26,BUYER_042,Cotton_Twill,Woven,1385,8.13,11264.93,Completed,28,28,57,30,Autumn,2023,11,Q4
ORD_00856,2023-11-27,BUYER_032,Fleece,Knit,12397,7.71,95640.97,Completed,39,38,80,45,Spring,2023,11,Q4
ORD_00857,2023-11-27,BUYER_034,Cotton_Twill,Woven,2712,7.71,20899.98,Completed,28,40,65,30,Spring,2023,11,Q4
ORD_00858,2023-11-27,BUYER_026,Cotton_Twill,Woven,1432,8.03,11494.2,Completed,28,28,62,45,Winter,2023,11,Q4
ORD_00859,2023-11-27,BUYER_026,Viscose_Rayon,Woven,4091,8.13,33280.22,Completed,17,25,49,45,Autumn,2023,11,Q4
ORD_00860,2023-11-28,BUYER_020,Cotton_Denim,Woven,2314,9.69,22418.54,Completed,43,33,80,60,Spring,2023,11,Q4
ORD_00861,2023-11-28,BUYER_007,Polyester_Plain,Woven,5000,4.05,20231.84,Shipped,32,41,76,60,Autumn,2023,11,Q4
ORD_00862,2023-11-28,BUYER_012,Cotton_Polyester_Blend,Woven,3943,7.31,28809.79,Completed,25,34,61,45,Summer,2023,11,Q4
ORD_00863,2023-11-28,BUYER_020,Cotton_Polyester_Blend,Woven,2796,6.85,19162.16,Completed,25,33,57,60,Winter,2023,11,Q4
ORD_00864,2023-11-28,BUYER_020,Cotton_Plain,Woven,2305,7.56,17424.44,Completed,20,27,54,60,Winter,2023,11,Q4
ORD_00865,2023-11-28,BUYER_036,Polyester_Satin,Woven,3444,6.08,20949.4,Shipped,41,34,78,90,Spring,2023,11,Q4
ORD_00866,2023-11-28,BUYER_031,Polyester_Plain,Woven,5000,4.4,22006.31,Completed,32,37,75,30,Winter,2023,11,Q4
ORD_00867,2023-11-29,BUYER_006,Fleece,Knit,2529,7.79,19693.63,Completed,39,33,74,45,Autumn,2023,11,Q4
ORD_00868,2023-11-29,BUYER_023,Viscose_Rayon,Woven,1358,8.3,11271.16,Completed,17,49,62,30,Winter,2023,11,Q4
ORD_00869,2023-11-30,BUYER_018,Cotton_Twill,Woven,2763,7.46,20625.22,Completed,28,16,52,30,Summer,2023,11,Q4
ORD_00870,2023-11-30,BUYER_016,Cotton_Twill,Woven,2990,7.91,23659.47,Shipped,28,21,46,30,Summer,2023,11,Q4
ORD_00871,2023-11-30,BUYER_027,Viscose_Rayon,Woven,1565,7.98,12493.59,Completed,17,39,56,45,Winter,2023,11,Q4
ORD_00872,2023-12-01,BUYER_037,Polyester_Plain,Woven,5000,4.06,20305.9,Completed,32,24,62,45,Summer,2023,12,Q4
ORD_00873,2023-12-01,BUYER_008,Viscose_Rayon,Woven,3644,9.39,34213.62,Completed,17,25,49,45,Winter,2023,12,Q4
ORD_00874,2023-12-02,BUYER_044,Viscose_Rayon,Woven,2083,8.35,17389.55,Completed,17,23,43,30,Summer,2023,12,Q4
ORD_00875,2023-12-04,BUYER_045,Cotton_Polyester_Blend,Woven,2622,7.74,20291.24,Completed,25,28,53,90,Summer,2023,12,Q4
ORD_00876,2023-12-05,BUYER_018,Cotton_Plain,Woven,2466,8.06,19876.33,Shipped,20,22,51,30,Autumn,2023,12,Q4
ORD_00877,2023-12-06,BUYER_033,Cotton_Denim,Woven,2000,9.79,19585.02,Completed,43,30,80,30,Summer,2023,12,Q4
ORD_00878,2023-12-06,BUYER_044,Polyester_Satin,Woven,3297,5.89,19414.03,Completed,41,24,64,30,Summer,2023,12,Q4
ORD_00879,2023-12-06,BUYER_018,Terry_Cloth,Knit,1596,5.24,8359.55,Shipped,16,24,38,30,Summer,2023,12,Q4
ORD_00880,2023-12-07,BUYER_018,Silk_Blend,Woven,1759,19.68,34616.18,Completed,30,17,54,30,Spring,2023,12,Q4
ORD_00881,2023-12-07,BUYER_029,Linen,Woven,4688,12.49,58566.04,Completed,39,25,72,45,Autumn,2023,12,Q4
ORD_00882,2023-12-07,BUYER_026,Viscose_Rayon,Woven,4600,8.4,38623.67,Completed,17,33,59,45,Summer,2023,12,Q4
ORD_00883,2023-12-07,BUYER_005,Polyester_Plain,Woven,5000,4.24,21191.65,Shipped,32,24,52,45,Autumn,2023,12,Q4
ORD_00884,2023-12-07,BUYER_043,Polyester_Twill,Woven,5000,5.29,26455.24,In_Production,28,32,58,90,Spring,2023,12,Q4
ORD_00885,2023-12-07,BUYER_014,Cotton_Twill,Woven,1276,7.04,8988.15,Shipped,28,24,59,30,Autumn,2023,12,Q4
ORD_00886,2023-12-08,BUYER_032,Viscose_Rayon,Woven,9447,8.2,77420.57,Completed,17,37,55,45,Summer,2023,12,Q4
ORD_00887,2023-12-08,BUYER_038,Fleece,Knit,2000,7.8,15604.05,Completed,39,18,54,30,Spring,2023,12,Q4
ORD_00888,2023-12-08,BUYER_001,Viscose_Rayon,Woven,12446,8.55,106359.7,Completed,17,38,54,45,Spring,2023,12,Q4
ORD_00889,2023-12-08,BUYER_011,Cotton_Denim,Woven,2000,9.27,18530.87,Completed,43,32,71,45,Spring,2023,12,Q4
ORD_00890,2023-12-09,BUYER_038,Cotton_Denim,Woven,2000,10.16,20313.03,Completed,43,26,70,30,Summer,2023,12,Q4
ORD_00891,2023-12-10,BUYER_038,Cotton_Plain,Woven,2964,8.5,25194.06,Completed,20,20,43,30,Summer,2023,12,Q4
ORD_00892,2023-12-10,BUYER_037,Cotton_Twill,Woven,1930,7.7,14859.04,Completed,28,29,61,45,Summer,2023,12,Q4
ORD_00893,2023-12-10,BUYER_020,Fleece,Knit,2000,9.13,18268.59,Completed,39,28,69,60,Autumn,2023,12,Q4
ORD_00894,2023-12-11,BUYER_002,Terry_Cloth,Knit,3651,5.63,20549.12,Completed,16,30,53,60,Spring,2023,12,Q4
ORD_00895,2023-12-11,BUYER_027,Terry_Cloth,Knit,3259,5.37,17510.24,Shipped,16,29,44,45,Summer,2023,12,Q4
ORD_00896,2023-12-11,BUYER_040,Polyester_Plain,Woven,5000,3.93,19641.63,Completed,32,28,61,90,Autumn,2023,12,Q4
ORD_00897,2023-12-12,BUYER_005,Viscose_Rayon,Woven,1364,9.2,12542.78,Completed,17,25,46,45,Summer,2023,12,Q4
ORD_00898,2023-12-12,BUYER_017,Polyester_Satin,Woven,4032,6.34,25566.08,Completed,41,43,82,45,Winter,2023,12,Q4
ORD_00899,2023-12-12,BUYER_029,Polyester_Satin,Woven,5039,5.68,28624.92,Completed,41,27,76,45,Autumn,2023,12,Q4
ORD_00900,2023-12-12,BUYER_005,Polyester_Plain,Woven,5414,3.97,21501.89,Completed,32,24,64,45,Winter,2023,12,Q4
ORD_00901,2023-12-12,BUYER_023,Cotton_Polyester_Blend,Woven,1411,7.02,9907.39,Completed,25,37,71,30,Winter,2023,12,Q4
ORD_00902,2023-12-12,BUYER_024,Silk_Blend,Woven,1950,18.38,35841.12,Completed,30,25,51,45,Autumn,2023,12,Q4
ORD_00903,2023-12-12,BUYER_001,Cotton_Polyester_Blend,Woven,8819,7.57,66785.98,Completed,25,28,56,45,Autumn,2023,12,Q4
ORD_00904,2023-12-12,BUYER_045,Cotton_Polyester_Blend,Woven,1374,7.27,9994.48,Completed,25,32,64,90,Winter,2023,12,Q4
ORD_00905,2023-12-12,BUYER_028,Viscose_Rayon,Woven,1161,8.2,9521.98,Completed,17,20,40,45,Summer,2023,12,Q4
ORD_00906,2023-12-13,BUYER_002,Viscose_Rayon,Woven,1420,9.11,12937.5,Completed,17,28,43,60,Spring,2023,12,Q4
ORD_00907,2023-12-13,BUYER_002,Polyester_Twill,Woven,5000,4.95,24738.62,In_Production,28,26,49,60,Autumn,2023,12,Q4
ORD_00908,2023-12-14,BUYER_019,Cotton_Plain,Woven,1115,7.75,8640.94,Completed,20,30,54,45,Winter,2023,12,Q4
ORD_00909,2023-12-14,BUYER_038,Cotton_Twill,Woven,1101,7.45,8202.65,Completed,28,22,57,30,Winter,2023,12,Q4
ORD_00910,2023-12-14,BUYER_025,Viscose_Rayon,Woven,1101,8.98,9892.09,Completed,17,34,52,30,Autumn,2023,12,Q4
ORD_00911,2023-12-14,BUYER_007,Terry_Cloth,Knit,1988,4.9,9740.61,Completed,16,41,62,60,Autumn,2023,12,Q4
ORD_00912,2023-12-15,BUYER_027,Viscose_Rayon,Woven,2063,8.36,17253.24,Completed,17,33,59,45,Autumn,2023,12,Q4
ORD_00913,2023-12-15,BUYER_010,Silk_Blend,Woven,13197,18.85,248795.1,Completed,30,25,63,60,Winter,2023,12,Q4
ORD_00914,2023-12-16,BUYER_018,Viscose_Rayon,Woven,2885,8.37,24145.12,Completed,17,23,45,30,Spring,2023,12,Q4
ORD_00915,2023-12-17,BUYER_008,Fleece,Knit,3223,8.04,25898.81,Completed,39,30,66,45,Autumn,2023,12,Q4
ORD_00916,2023-12-18,BUYER_032,Cotton_Denim,Woven,10505,9.38,98572.41,Completed,43,25,63,45,Spring,2023,12,Q4
ORD_00917,2023-12-19,BUYER_032,Cotton_Twill,Woven,3585,8.46,30325.05,Completed,28,33,57,45,Autumn,2023,12,Q4
ORD_00918,2023-12-20,BUYER_044,Cotton_Polyester_Blend,Woven,2451,7.37,18062.18,Completed,25,29,49,30,Autumn,2023,12,Q4
ORD_00919,2023-12-20,BUYER_044,Polyester_Satin,Woven,5043,6.64,33510.72,Completed,41,23,69,30,Spring,2023,12,Q4
ORD_00920,2023-12-20,BUYER_002,Fleece,Knit,2000,8.92,17835.1,Completed,39,29,76,60,Winter,2023,12,Q4
ORD_00921,2023-12-21,BUYER_023,Fleece,Knit,2224,8.6,19122.69,Completed,39,31,70,30,Winter,2023,12,Q4
ORD_00922,2023-12-21,BUYER_025,Polyester_Satin,Woven,5848,5.96,34844.08,Completed,41,39,83,30,Summer,2023,12,Q4
ORD_00923,2023-12-21,BUYER_004,Cotton_Twill,Woven,2093,7.96,16653.67,Completed,28,25,54,30,Winter,2023,12,Q4
ORD_00924,2023-12-21,BUYER_036,Silk_Blend,Woven,1106,21.06,23287.32,Completed,30,36,68,90,Winter,2023,12,Q4
ORD_00925,2023-12-22,BUYER_032,Silk_Blend,Woven,13049,19.52,254720.19,Completed,30,25,51,45,Autumn,2023,12,Q4
ORD_00926,2023-12-22,BUYER_027,Polyester_Twill,Woven,5000,5.56,27777.53,Completed,28,29,66,45,Summer,2023,12,Q4
ORD_00927,2023-12-22,BUYER_006,Cotton_Polyester_Blend,Woven,1475,7.95,11719.62,Completed,25,32,63,45,Summer,2023,12,Q4
ORD_00928,2023-12-22,BUYER_045,Viscose_Rayon,Woven,1000,7.8,7800.01,Completed,17,28,47,90,Autumn,2023,12,Q4
ORD_00929,2023-12-24,BUYER_004,Polyester_Plain,Woven,5000,3.81,19071.22,Completed,32,35,74,30,Winter,2023,12,Q4
ORD_00930,2023-12-24,BUYER_015,Linen,Woven,2346,11.85,27808.15,Completed,39,27,75,45,Autumn,2023,12,Q4
ORD_00931,2023-12-25,BUYER_042,Cotton_Twill,Woven,2547,7.82,19929.39,Completed,28,18,43,30,Spring,2023,12,Q4
ORD_00932,2023-12-25,BUYER_036,Viscose_Rayon,Woven,5437,8.23,44721.65,Completed,17,28,51,90,Summer,2023,12,Q4
ORD_00933,2023-12-25,BUYER_010,Terry_Cloth,Knit,3745,5.19,19442.39,On_Hold,16,35,49,60,Autumn,2023,12,Q4
ORD_00934,2023-12-26,BUYER_018,Polyester_Satin,Woven,1902,5.87,11174.21,Completed,41,15,65,30,Spring,2023,12,Q4
ORD_00935,2023-12-26,BUYER_017,Cotton_Denim,Woven,2000,8.92,17845.38,Completed,43,45,88,45,Summer,2023,12,Q4
ORD_00936,2023-12-27,BUYER_005,Linen,Woven,4375,12.79,55956.69,Completed,39,29,77,45,Spring,2023,12,Q4
ORD_00937,2023-12-27,BUYER_014,Viscose_Rayon,Woven,1000,9.09,9090.66,Completed,17,22,44,30,Summer,2023,12,Q4
ORD_00938,2023-12-28,BUYER_007,Cotton_Plain,Woven,587,8.19,4809.93,Completed,20,43,66,60,Autumn,2023,12,Q4
ORD_00939,2023-12-28,BUYER_020,Cotton_Polyester_Blend,Woven,5540,7.42,41105.49,On_Hold,25,37,57,60,Spring,2023,12,Q4
ORD_00940,2023-12-28,BUYER_038,Cotton_Denim,Woven,2601,10.17,26452.86,Shipped,43,23,70,30,Autumn,2023,12,Q4
ORD_00941,2023-12-28,BUYER_020,Cotton_Plain,Woven,5029,7.42,37334.15,Completed,20,32,47,60,Spring,2023,12,Q4
ORD_00942,2023-12-28,BUYER_036,Cotton_Denim,Woven,2420,8.91,21563.72,Completed,43,38,89,90,Spring,2023,12,Q4
ORD_00943,2023-12-29,BUYER_037,Cotton_Polyester_Blend,Woven,2645,8.41,22232.77,Shipped,25,16,44,45,Winter,2023,12,Q4
ORD_00944,2023-12-29,BUYER_010,Linen,Woven,3527,12.18,42951.99,Completed,39,36,74,60,Winter,2023,12,Q4
ORD_00945,2023-12-29,BUYER_019,Polyester_Plain,Woven,5024,3.68,18473.02,Completed,32,25,60,45,Autumn,2023,12,Q4
ORD_00946,2023-12-29,BUYER_038,Cotton_Plain,Woven,1848,7.29,13476.13,Completed,20,19,36,30,Winter,2023,12,Q4
ORD_00947,2023-12-29,BUYER_004,Terry_Cloth,Knit,1456,4.89,7123.25,Completed,16,38,49,30,Autumn,2023,12,Q4
ORD_00948,2023-12-31,BUYER_004,Viscose_Rayon,Woven,3305,9.52,31454.96,Completed,17,37,49,30,Summer,2023,12,Q4
ORD_00949,2023-12-31,BUYER_016,Cotton_Plain,Woven,1524,7.67,11687.88,Completed,20,20,39,30,Spring,2023,12,Q4
ORD_00950,2023-12-31,BUYER_019,Linen,Woven,3333,12.91,43040.03,Completed,39,30,74,45,Spring,2023,12,Q4
ORD_00951,2024-01-01,BUYER_029,Cotton_Twill,Woven,3809,8.67,33019.23,Completed,28,33,58,45,Winter,2024,1,Q1
ORD_00952,2024-01-02,BUYER_039,Polyester_Satin,Woven,2525,6.51,16434.53,Completed,41,25,75,60,Winter,2024,1,Q1
ORD_00953,2024-01-02,BUYER_037,Polyester_Twill,Woven,5000,4.9,24488.38,Completed,28,20,48,45,Autumn,2024,1,Q1
ORD_00954,2024-01-02,BUYER_004,Fleece,Knit,5387,8.39,45220.43,Shipped,39,30,68,30,Spring,2024,1,Q1
ORD_00955,2024-01-02,BUYER_042,Cotton_Denim,Woven,2268,8.82,20000.0,Completed,43,16,60,30,Spring,2024,1,Q1
ORD_00956,2024-01-03,BUYER_030,Linen,Woven,5713,13.9,79409.8,Completed,39,25,62,60,Summer,2024,1,Q1
ORD_00957,2024-01-03,BUYER_030,Linen,Woven,2000,12.44,24874.26,Completed,39,21,64,60,Spring,2024,1,Q1
ORD_00958,2024-01-03,BUYER_008,Linen,Woven,3461,13.77,47672.4,Completed,39,35,75,45,Winter,2024,1,Q1
ORD_00959,2024-01-03,BUYER_010,Linen,Woven,7656,13.13,100535.04,Completed,39,30,74,60,Summer,2024,1,Q1
ORD_00960,2024-01-03,BUYER_036,Terry_Cloth,Knit,4201,5.33,22372.17,Shipped,16,25,45,90,Winter,2024,1,Q1
ORD_00961,2024-01-03,BUYER_026,Polyester_Plain,Woven,5000,4.03,20126.34,Completed,32,38,66,45,Autumn,2024,1,Q1
ORD_00962,2024-01-04,BUYER_029,Terry_Cloth,Knit,1133,5.48,6209.92,Completed,16,33,44,45,Winter,2024,1,Q1
ORD_00963,2024-01-04,BUYER_027,Cotton_Twill,Woven,4618,8.24,38070.08,Completed,28,31,65,45,Spring,2024,1,Q1
ORD_00964,2024-01-05,BUYER_017,Fleece,Knit,2000,8.41,16820.94,Shipped,39,32,68,45,Summer,2024,1,Q1
ORD_00965,2024-01-06,BUYER_043,Silk_Blend,Woven,2872,17.8,51122.93,Completed,30,33,72,90,Summer,2024,1,Q1
ORD_00966,2024-01-07,BUYER_021,Polyester_Twill,Woven,5000,4.59,22973.65,Completed,28,37,65,90,Summer,2024,1,Q1
ORD_00967,2024-01-08,BUYER_028,Polyester_Satin,Woven,4607,5.43,25004.07,Completed,41,20,60,45,Spring,2024,1,Q1
ORD_00968,2024-01-08,BUYER_040,Cotton_Denim,Woven,4812,10.7,51500.95,Completed,43,25,75,90,Summer,2024,1,Q1
ORD_00969,2024-01-09,BUYER_044,Polyester_Twill,Woven,5917,5.38,31814.58,Completed,28,23,54,30,Autumn,2024,1,Q1
ORD_00970,2024-01-09,BUYER_040,Fleece,Knit,4633,7.7,35691.66,Completed,39,35,76,90,Spring,2024,1,Q1
ORD_00971,2024-01-09,BUYER_038,Cotton_Twill,Woven,878,7.72,6775.29,Completed,28,27,57,30,Summer,2024,1,Q1
ORD_00972,2024-01-09,BUYER_009,Cotton_Twill,Woven,3772,8.68,32728.34,Completed,28,27,55,45,Spring,2024,1,Q1
ORD_00973,2024-01-10,BUYER_037,Cotton_Twill,Woven,1322,7.69,10161.99,Completed,28,20,46,45,Autumn,2024,1,Q1
ORD_00974,2024-01-10,BUYER_016,Cotton_Plain,Woven,2534,7.89,20003.11,Completed,20,17,40,30,Winter,2024,1,Q1
ORD_00975,2024-01-10,BUYER_020,Terry_Cloth,Knit,2956,4.71,13917.08,Completed,16,35,54,60,Autumn,2024,1,Q1
ORD_00976,2024-01-10,BUYER_023,Terry_Cloth,Knit,1475,5.22,7694.63,Shipped,16,37,58,30,Spring,2024,1,Q1
ORD_00977,2024-01-10,BUYER_001,Cotton_Denim,Woven,4605,9.81,45184.96,Completed,43,38,78,45,Winter,2024,1,Q1
ORD_00978,2024-01-11,BUYER_026,Polyester_Satin,Woven,1610,5.99,9644.48,Shipped,41,26,62,45,Winter,2024,1,Q1
ORD_00979,2024-01-11,BUYER_040,Silk_Blend,Woven,3102,17.96,55699.81,Completed,30,35,62,90,Autumn,2024,1,Q1
ORD_00980,2024-01-11,BUYER_011,Polyester_Twill,Woven,5000,5.21,26035.97,Completed,28,49,74,45,Autumn,2024,1,Q1
ORD_00981,2024-01-12,BUYER_028,Linen,Woven,3106,13.4,41619.49,Completed,39,21,62,45,Winter,2024,1,Q1
ORD_00982,2024-01-12,BUYER_013,Polyester_Plain,Woven,5339,3.89,20747.82,Shipped,32,31,66,30,Spring,2024,1,Q1
ORD_00983,2024-01-13,BUYER_043,Polyester_Twill,Woven,5000,5.37,26859.15,Completed,28,34,63,90,Autumn,2024,1,Q1
ORD_00984,2024-01-14,BUYER_029,Polyester_Satin,Woven,3612,6.02,21748.66,Shipped,41,38,82,45,Summer,2024,1,Q1
ORD_00985,2024-01-14,BUYER_006,Cotton_Polyester_Blend,Woven,4185,7.26,30388.51,Completed,25,28,55,45,Autumn,2024,1,Q1
ORD_00986,2024-01-15,BUYER_017,Polyester_Plain,Woven,5000,3.74,18700.84,Completed,32,37,75,45,Summer,2024,1,Q1
ORD_00987,2024-01-15,BUYER_033,Terry_Cloth,Knit,1584,5.61,8893.83,Shipped,16,34,51,30,Autumn,2024,1,Q1
ORD_00988,2024-01-16,BUYER_021,Silk_Blend,Woven,4102,17.51,71828.02,Completed,30,35,64,90,Winter,2024,1,Q1
ORD_00989,2024-01-16,BUYER_007,Polyester_Plain,Woven,5000,4.15,20750.08,Completed,32,33,70,60,Winter,2024,1,Q1
ORD_00990,2024-01-16,BUYER_037,Cotton_Polyester_Blend,Woven,3575,7.78,27820.41,Completed,25,21,45,45,Spring,2024,1,Q1
ORD_00991,2024-01-17,BUYER_033,Viscose_Rayon,Woven,2758,8.77,24201.32,Completed,17,34,55,30,Summer,2024,1,Q1
ORD_00992,2024-01-17,BUYER_018,Polyester_Plain,Woven,5000,4.38,21921.59,Completed,32,28,57,30,Summer,2024,1,Q1
ORD_00993,2024-01-17,BUYER_035,Polyester_Twill,Woven,5687,5.2,29559.61,Completed,28,16,47,60,Autumn,2024,1,Q1
ORD_00994,2024-01-17,BUYER_036,Linen,Woven,3712,12.0,44535.01,Completed,39,31,76,90,Summer,2024,1,Q1
ORD_00995,2024-01-19,BUYER_034,Cotton_Twill,Woven,2250,8.01,18031.99,Completed,28,41,71,30,Winter,2024,1,Q1
ORD_00996,2024-01-19,BUYER_035,Silk_Blend,Woven,5762,19.2,110613.49,Completed,30,16,54,60,Winter,2024,1,Q1
ORD_00997,2024-01-19,BUYER_037,Cotton_Twill,Woven,3217,7.51,24145.53,Completed,28,27,62,45,Summer,2024,1,Q1
ORD_00998,2024-01-21,BUYER_041,Silk_Blend,Woven,2534,18.0,45607.13,Shipped,30,17,54,45,Spring,2024,1,Q1
ORD_00999,2024-01-22,BUYER_032,Cotton_Polyester_Blend,Woven,13861,8.37,116044.8,Completed,25,36,69,45,Autumn,2024,1,Q1
ORD_01000,2024-01-23,BUYER_007,Polyester_Satin,Woven,2201,6.53,14383.27,Completed,41,42,83,60,Spring,2024,1,Q1
ORD_01001,2024-01-23,BUYER_030,Silk_Blend,Woven,2144,19.72,42281.57,Completed,30,16,43,60,Spring,2024,1,Q1
ORD_01002,2024-01-23,BUYER_038,Viscose_Rayon,Woven,2911,9.09,26455.81,Shipped,17,26,41,30,Autumn,2024,1,Q1
ORD_01003,2024-01-23,BUYER_033,Cotton_Denim,Woven,2000,9.86,19712.72,Completed,43,27,75,30,Summer,2024,1,Q1
ORD_01004,2024-01-24,BUYER_036,Cotton_Plain,Woven,5241,7.25,37979.9,Completed,20,28,51,90,Winter,2024,1,Q1
ORD_01005,2024-01-24,BUYER_044,Fleece,Knit,2000,8.41,16813.31,Shipped,39,29,65,30,Autumn,2024,1,Q1
ORD_01006,2024-01-24,BUYER_009,Cotton_Twill,Woven,5959,7.12,42445.17,Completed,28,28,57,45,Spring,2024,1,Q1
ORD_01007,2024-01-25,BUYER_016,Cotton_Denim,Woven,2800,9.79,27400.33,Shipped,43,26,75,30,Winter,2024,1,Q1
ORD_01008,2024-01-25,BUYER_001,Viscose_Rayon,Woven,13083,8.2,107320.06,Completed,17,25,37,45,Summer,2024,1,Q1
ORD_01009,2024-01-25,BUYER_035,Viscose_Rayon,Woven,4126,8.97,37013.04,Completed,17,22,35,60,Autumn,2024,1,Q1
ORD_01010,2024-01-26,BUYER_015,Cotton_Denim,Woven,2523,8.53,21527.98,Completed,43,30,78,45,Winter,2024,1,Q1
ORD_01011,2024-01-27,BUYER_014,Cotton_Polyester_Blend,Woven,1370,7.06,9673.1,Completed,25,15,37,30,Summer,2024,1,Q1
ORD_01012,2024-01-27,BUYER_027,Silk_Blend,Woven,1915,19.29,36946.08,Completed,30,33,63,45,Autumn,2024,1,Q1
ORD_01013,2024-01-29,BUYER_034,Cotton_Denim,Woven,2117,9.31,19711.6,In_Production,43,40,87,30,Spring,2024,1,Q1
ORD_01014,2024-01-29,BUYER_041,Cotton_Polyester_Blend,Woven,1213,7.07,8578.05,Completed,25,27,49,45,Autumn,2024,1,Q1
ORD_01015,2024-01-29,BUYER_045,Cotton_Polyester_Blend,Woven,1559,7.17,11173.75,Completed,25,30,56,90,Autumn,2024,1,Q1
ORD_01016,2024-01-30,BUYER_025,Polyester_Satin,Woven,5055,6.08,30731.52,Completed,41,35,80,30,Autumn,2024,1,Q1
ORD_01017,2024-01-30,BUYER_031,Cotton_Polyester_Blend,Woven,3352,7.69,25791.21,Completed,25,38,66,30,Autumn,2024,1,Q1
ORD_01018,2024-01-30,BUYER_019,Cotton_Polyester_Blend,Woven,1442,7.59,10939.85,Shipped,25,31,56,45,Autumn,2024,1,Q1
ORD_01019,2024-01-30,BUYER_014,Cotton_Twill,Woven,1184,7.57,8959.96,Completed,28,16,39,30,Autumn,2024,1,Q1
ORD_01020,2024-01-31,BUYER_024,Cotton_Plain,Woven,1469,8.31,12211.34,Completed,20,25,49,45,Winter,2024,1,Q1
ORD_01021,2024-01-31,BUYER_038,Terry_Cloth,Knit,1060,5.17,5482.77,Completed,16,19,37,30,Summer,2024,1,Q1
ORD_01022,2024-01-31,BUYER_039,Cotton_Plain,Woven,3061,7.65,23405.76,Shipped,20,17,40,60,Spring,2024,1,Q1
ORD_01023,2024-02-02,BUYER_016,Cotton_Polyester_Blend,Woven,1468,7.02,10298.94,Completed,25,28,56,30,Summer,2024,2,Q1
ORD_01024,2024-02-02,BUYER_030,Cotton_Plain,Woven,3293,7.53,24790.9,Completed,20,17,33,60,Winter,2024,2,Q1
ORD_01025,2024-02-02,BUYER_009,Cotton_Plain,Woven,2356,8.07,19008.8,Completed,20,27,46,45,Summer,2024,2,Q1
ORD_01026,2024-02-02,BUYER_021,Linen,Woven,3181,12.88,40971.88,Completed,39,33,79,90,Autumn,2024,2,Q1
ORD_01027,2024-02-04,BUYER_036,Cotton_Twill,Woven,4201,7.68,32250.67,Completed,28,28,52,90,Autumn,2024,2,Q1
ORD_01028,2024-02-05,BUYER_044,Viscose_Rayon,Woven,3766,8.51,32063.05,Completed,17,18,38,30,Autumn,2024,2,Q1
ORD_01029,2024-02-05,BUYER_016,Polyester_Plain,Woven,5000,4.15,20773.1,Completed,32,21,58,30,Summer,2024,2,Q1
ORD_01030,2024-02-05,BUYER_015,Polyester_Satin,Woven,1639,6.26,10255.94,Completed,41,34,70,45,Summer,2024,2,Q1
ORD_01031,2024-02-06,BUYER_035,Cotton_Denim,Woven,2000,9.14,18274.91,Completed,43,27,76,60,Spring,2024,2,Q1
ORD_01032,2024-02-06,BUYER_044,Cotton_Twill,Woven,3248,7.03,22820.73,Completed,28,16,40,30,Winter,2024,2,Q1
ORD_01033,2024-02-06,BUYER_002,Viscose_Rayon,Woven,1000,8.82,8817.31,Completed,17,30,45,60,Spring,2024,2,Q1
ORD_01034,2024-02-07,BUYER_027,Linen,Woven,2000,13.2,26400.78,Shipped,39,39,86,45,Autumn,2024,2,Q1
ORD_01035,2024-02-07,BUYER_033,Polyester_Twill,Woven,5000,5.31,26539.69,Completed,28,37,63,30,Summer,2024,2,Q1
ORD_01036,2024-02-07,BUYER_016,Polyester_Twill,Woven,5000,4.8,23999.16,Completed,28,20,54,30,Winter,2024,2,Q1
ORD_01037,2024-02-07,BUYER_028,Terry_Cloth,Knit,5976,5.25,31355.67,Completed,16,19,37,45,Summer,2024,2,Q1
ORD_01038,2024-02-08,BUYER_022,Cotton_Plain,Woven,1188,7.99,9492.78,Completed,20,36,55,45,Spring,2024,2,Q1
ORD_01039,2024-02-08,BUYER_030,Terry_Cloth,Knit,1166,5.52,6438.64,Completed,16,20,32,60,Spring,2024,2,Q1
ORD_01040,2024-02-09,BUYER_004,Cotton_Twill,Woven,4939,7.83,38681.37,In_Production,28,28,56,30,Spring,2024,2,Q1
ORD_01041,2024-02-09,BUYER_001,Cotton_Plain,Woven,2079,8.15,16939.56,Completed,20,34,53,45,Winter,2024,2,Q1
ORD_01042,2024-02-09,BUYER_015,Polyester_Plain,Woven,5000,3.79,18951.98,Shipped,32,39,76,45,Spring,2024,2,Q1
ORD_01043,2024-02-10,BUYER_005,Polyester_Twill,Woven,5000,5.14,25697.54,Completed,28,28,59,45,Spring,2024,2,Q1
ORD_01044,2024-02-11,BUYER_038,Polyester_Plain,Woven,5000,4.07,20352.64,Completed,32,23,59,30,Spring,2024,2,Q1
ORD_01045,2024-02-12,BUYER_037,Linen,Woven,2558,13.87,35491.36,Completed,39,18,66,45,Autumn,2024,2,Q1
ORD_01046,2024-02-12,BUYER_016,Cotton_Denim,Woven,2000,9.06,18113.87,Completed,43,28,72,30,Autumn,2024,2,Q1
ORD_01047,2024-02-12,BUYER_002,Polyester_Twill,Woven,5000,4.82,24096.87,Completed,28,36,59,60,Autumn,2024,2,Q1
ORD_01048,2024-02-13,BUYER_010,Polyester_Twill,Woven,6976,4.89,34089.52,Completed,28,32,64,60,Autumn,2024,2,Q1
ORD_01049,2024-02-13,BUYER_040,Fleece,Knit,2810,8.99,25257.81,Completed,39,30,78,90,Autumn,2024,2,Q1
ORD_01050,2024-02-13,BUYER_021,Viscose_Rayon,Woven,3685,8.97,33042.62,Completed,17,39,54,90,Spring,2024,2,Q1
ORD_01051,2024-02-13,BUYER_002,Cotton_Polyester_Blend,Woven,1706,7.0,11940.86,Completed,25,28,52,60,Spring,2024,2,Q1
ORD_01052,2024-02-14,BUYER_025,Polyester_Satin,Woven,4183,6.69,27966.71,Completed,41,37,73,30,Summer,2024,2,Q1
ORD_01053,2024-02-14,BUYER_034,Viscose_Rayon,Woven,2154,8.97,19326.28,Completed,17,34,51,30,Spring,2024,2,Q1
ORD_01054,2024-02-15,BUYER_017,Polyester_Twill,Woven,5000,5.35,26774.23,Completed,28,35,59,45,Spring,2024,2,Q1
ORD_01055,2024-02-15,BUYER_038,Polyester_Plain,Woven,5000,4.43,22139.26,Completed,32,23,53,30,Winter,2024,2,Q1
ORD_01056,2024-02-15,BUYER_008,Polyester_Plain,Woven,5000,4.15,20774.16,Completed,32,25,63,45,Summer,2024,2,Q1
ORD_01057,2024-02-16,BUYER_023,Silk_Blend,Woven,1178,18.68,22009.23,Completed,30,42,67,30,Winter,2024,2,Q1
ORD_01058,2024-02-19,BUYER_037,Cotton_Plain,Woven,5094,8.81,44899.74,Completed,20,19,46,45,Autumn,2024,2,Q1
ORD_01059,2024-02-19,BUYER_030,Viscose_Rayon,Woven,3409,8.41,28654.25,Completed,17,16,38,60,Spring,2024,2,Q1
ORD_01060,2024-02-19,BUYER_015,Cotton_Polyester_Blend,Woven,2361,7.76,18327.71,Completed,25,25,55,45,Spring,2024,2,Q1
ORD_01061,2024-02-21,BUYER_027,Cotton_Polyester_Blend,Woven,1992,7.87,15684.56,Completed,25,26,55,45,Spring,2024,2,Q1
ORD_01062,2024-02-21,BUYER_045,Viscose_Rayon,Woven,2959,8.29,24523.13,Completed,17,37,49,90,Winter,2024,2,Q1
ORD_01063,2024-02-22,BUYER_042,Silk_Blend,Woven,2661,19.06,50713.24,Completed,30,22,54,30,Winter,2024,2,Q1
ORD_01064,2024-02-22,BUYER_036,Cotton_Polyester_Blend,Woven,1555,7.14,11095.47,Completed,25,35,57,90,Summer,2024,2,Q1
ORD_01065,2024-02-23,BUYER_033,Cotton_Denim,Woven,2650,10.31,27322.92,Completed,43,26,75,30,Autumn,2024,2,Q1
ORD_01066,2024-02-23,BUYER_037,Polyester_Plain,Woven,5010,4.35,21812.95,Completed,32,26,60,45,Winter,2024,2,Q1
ORD_01067,2024-02-25,BUYER_008,Terry_Cloth,Knit,3793,5.07,19225.01,Completed,16,37,61,45,Autumn,2024,2,Q1
ORD_01068,2024-02-26,BUYER_013,Cotton_Polyester_Blend,Woven,5047,7.26,36634.69,Completed,25,36,65,30,Spring,2024,2,Q1
ORD_01069,2024-02-26,BUYER_024,Polyester_Satin,Woven,1161,5.73,6650.46,Completed,41,29,65,45,Autumn,2024,2,Q1
ORD_01070,2024-02-27,BUYER_003,Fleece,Knit,2000,8.52,17030.1,Completed,39,29,74,90,Summer,2024,2,Q1
ORD_01071,2024-02-27,BUYER_035,Cotton_Plain,Woven,4651,8.88,41301.63,Completed,20,21,50,60,Summer,2024,2,Q1
ORD_01072,2024-02-28,BUYER_019,Polyester_Plain,Woven,5000,3.91,19569.03,Completed,32,34,71,45,Summer,2024,2,Q1
ORD_01073,2024-02-28,BUYER_031,Cotton_Polyester_Blend,Woven,3655,7.29,26639.02,Shipped,25,29,60,30,Summer,2024,2,Q1
ORD_01074,2024-02-28,BUYER_041,Polyester_Twill,Woven,5000,5.0,25011.72,Completed,28,16,49,45,Autumn,2024,2,Q1
ORD_01075,2024-02-28,BUYER_008,Polyester_Satin,Woven,4601,5.47,25177.92,Completed,41,36,81,45,Autumn,2024,2,Q1
ORD_01076,2024-02-29,BUYER_007,Cotton_Polyester_Blend,Woven,2527,7.51,18967.47,Completed,25,30,55,60,Winter,2024,2,Q1
ORD_01077,2024-03-01,BUYER_010,Viscose_Rayon,Woven,9141,7.41,67709.43,Completed,17,30,45,60,Summer,2024,3,Q1
ORD_01078,2024-03-01,BUYER_037,Cotton_Plain,Woven,4313,7.47,32225.19,Completed,20,27,44,45,Winter,2024,3,Q1
ORD_01079,2024-03-01,BUYER_031,Viscose_Rayon,Woven,5858,7.81,45774.04,Completed,17,30,56,30,Spring,2024,3,Q1
ORD_01080,2024-03-01,BUYER_039,Fleece,Knit,4962,7.58,37627.9,Completed,39,18,66,60,Winter,2024,3,Q1
ORD_01081,2024-03-01,BUYER_030,Terry_Cloth,Knit,2994,4.86,14552.22,Completed,16,26,46,60,Summer,2024,3,Q1
ORD_01082,2024-03-01,BUYER_017,Polyester_Plain,Woven,5000,3.9,19509.09,Completed,32,34,69,45,Winter,2024,3,Q1
ORD_01083,2024-03-01,BUYER_029,Cotton_Twill,Woven,4122,6.86,28259.02,Completed,28,33,69,45,Summer,2024,3,Q1
ORD_01084,2024-03-01,BUYER_037,Cotton_Twill,Woven,2351,6.64,15619.85,Completed,28,15,50,45,Spring,2024,3,Q1
ORD_01085,2024-03-03,BUYER_005,Cotton_Plain,Woven,3712,6.84,25393.79,In_Production,20,21,46,45,Summer,2024,3,Q1
ORD_01086,2024-03-04,BUYER_010,Polyester_Plain,Woven,5969,3.61,21559.84,Completed,32,36,74,60,Winter,2024,3,Q1
ORD_01087,2024-03-04,BUYER_030,Fleece,Knit,5772,7.63,44016.57,Shipped,39,19,65,60,Summer,2024,3,Q1
ORD_01088,2024-03-04,BUYER_043,Polyester_Plain,Woven,5000,3.88,19379.38,Completed,32,29,67,90,Winter,2024,3,Q1
ORD_01089,2024-03-04,BUYER_020,Polyester_Twill,Woven,5842,4.79,27962.05,Completed,28,27,50,60,Summer,2024,3,Q1
ORD_01090,2024-03-04,BUYER_007,Polyester_Plain,Woven,5000,3.36,16799.64,Completed,32,46,80,60,Spring,2024,3,Q1
ORD_01091,2024-03-04,BUYER_044,Viscose_Rayon,Woven,3998,7.28,29098.06,Completed,17,23,43,30,Summer,2024,3,Q1
ORD_01092,2024-03-05,BUYER_027,Cotton_Denim,Woven,2000,8.49,16984.17,Completed,43,32,79,45,Winter,2024,3,Q1
ORD_01093,2024-03-06,BUYER_022,Fleece,Knit,2382,7.75,18467.31,Completed,39,36,74,45,Summer,2024,3,Q1
ORD_01094,2024-03-06,BUYER_013,Linen,Woven,2234,11.32,25289.91,Completed,39,35,82,30,Winter,2024,3,Q1
ORD_01095,2024-03-06,BUYER_040,Fleece,Knit,3147,7.19,22625.96,Completed,39,29,74,90,Spring,2024,3,Q1
ORD_01096,2024-03-06,BUYER_007,Polyester_Plain,Woven,5000,3.83,19129.41,Completed,32,35,68,60,Autumn,2024,3,Q1
ORD_01097,2024-03-08,BUYER_045,Cotton_Twill,Woven,2701,7.33,19803.76,Completed,28,27,63,90,Winter,2024,3,Q1
ORD_01098,2024-03-08,BUYER_001,Fleece,Knit,4789,7.72,36964.4,Completed,39,29,77,45,Spring,2024,3,Q1
ORD_01099,2024-03-08,BUYER_001,Cotton_Twill,Woven,3242,7.39,23962.17,Completed,28,39,63,45,Winter,2024,3,Q1
ORD_01100,2024-03-08,BUYER_027,Polyester_Plain,Woven,5000,3.51,17550.66,Completed,32,33,74,45,Spring,2024,3,Q1
ORD_01101,2024-03-08,BUYER_036,Polyester_Plain,Woven,5000,3.76,18804.06,Completed,32,38,71,90,Spring,2024,3,Q1
ORD_01102,2024-03-08,BUYER_017,Cotton_Plain,Woven,5493,7.21,39608.68,Completed,20,43,67,45,Spring,2024,3,Q1
ORD_01103,2024-03-10,BUYER_036,Cotton_Polyester_Blend,Woven,2815,6.55,18433.27,Completed,25,34,55,90,Spring,2024,3,Q1
ORD_01104,2024-03-10,BUYER_002,Linen,Woven,4220,11.21,47287.35,Completed,39,35,78,60,Spring,2024,3,Q1
ORD_01105,2024-03-10,BUYER_026,Terry_Cloth,Knit,4143,4.77,19751.97,Completed,16,27,51,45,Winter,2024,3,Q1
ORD_01106,2024-03-10,BUYER_009,Fleece,Knit,4707,7.42,34925.96,Completed,39,31,71,45,Winter,2024,3,Q1
ORD_01107,2024-03-11,BUYER_041,Polyester_Twill,Woven,5000,4.9,24491.79,Completed,28,18,54,45,Spring,2024,3,Q1
ORD_01108,2024-03-11,BUYER_009,Fleece,Knit,2000,7.89,15789.13,Shipped,39,35,76,45,Summer,2024,3,Q1
ORD_01109,2024-03-12,BUYER_021,Cotton_Plain,Woven,2478,7.66,18975.35,Completed,20,30,52,90,Winter,2024,3,Q1
ORD_01110,2024-03-12,BUYER_028,Silk_Blend,Woven,1824,17.54,31986.65,Completed,30,25,55,45,Winter,2024,3,Q1
ORD_01111,2024-03-12,BUYER_011,Polyester_Satin,Woven,2036,5.26,10711.14,Completed,41,33,78,45,Autumn,2024,3,Q1
ORD_01112,2024-03-12,BUYER_030,Cotton_Polyester_Blend,Woven,2458,6.49,15963.36,Completed,25,23,49,60,Autumn,2024,3,Q1
ORD_01113,2024-03-12,BUYER_010,Polyester_Satin,Woven,8846,5.49,48539.02,Completed,41,34,74,60,Winter,2024,3,Q1
ORD_01114,2024-03-13,BUYER_017,Cotton_Plain,Woven,2615,7.59,19854.76,Completed,20,41,66,45,Spring,2024,3,Q1
ORD_01115,2024-03-13,BUYER_041,Polyester_Plain,Woven,5000,3.45,17232.18,In_Production,32,16,48,45,Autumn,2024,3,Q1
ORD_01116,2024-03-13,BUYER_031,Cotton_Denim,Woven,5932,8.21,48722.79,Completed,43,27,67,30,Summer,2024,3,Q1
ORD_01117,2024-03-13,BUYER_037,Cotton_Denim,Woven,3697,8.25,30512.47,Completed,43,15,55,45,Summer,2024,3,Q1
ORD_01118,2024-03-14,BUYER_019,Linen,Woven,3886,12.11,47067.79,Completed,39,30,76,45,Summer,2024,3,Q1
ORD_01119,2024-03-15,BUYER_008,Polyester_Twill,Woven,5000,4.68,23389.41,Shipped,28,30,65,45,Spring,2024,3,Q1
ORD_01120,2024-03-15,BUYER_028,Terry_Cloth,Knit,3206,4.43,14203.53,Completed,16,26,50,45,Autumn,2024,3,Q1
ORD_01121,2024-03-16,BUYER_039,Cotton_Polyester_Blend,Woven,11769,6.96,81882.11,Completed,25,20,45,60,Spring,2024,3,Q1
ORD_01122,2024-03-16,BUYER_040,Linen,Woven,2654,11.3,29989.91,In_Production,39,31,65,90,Autumn,2024,3,Q1
ORD_01123,2024-03-17,BUYER_030,Viscose_Rayon,Woven,5092,8.33,42424.91,Completed,17,26,44,60,Winter,2024,3,Q1
ORD_01124,2024-03-18,BUYER_010,Linen,Woven,14237,10.81,153900.04,Shipped,39,39,87,60,Spring,2024,3,Q1
ORD_01125,2024-03-18,BUYER_018,Terry_Cloth,Knit,1000,5.0,5000.71,Completed,16,26,40,30,Summer,2024,3,Q1
ORD_01126,2024-03-19,BUYER_003,Linen,Woven,2000,10.83,21669.72,Completed,39,15,51,90,Winter,2024,3,Q1
ORD_01127,2024-03-19,BUYER_021,Linen,Woven,3506,11.82,41434.61,Shipped,39,37,82,90,Winter,2024,3,Q1
ORD_01128,2024-03-19,BUYER_022,Cotton_Denim,Woven,2000,8.32,16632.7,Completed,43,25,64,45,Winter,2024,3,Q1
ORD_01129,2024-03-19,BUYER_023,Viscose_Rayon,Woven,1623,8.29,13446.96,Shipped,17,49,69,30,Spring,2024,3,Q1
ORD_01130,2024-03-19,BUYER_015,Cotton_Plain,Woven,1975,6.83,13483.96,Shipped,20,27,53,45,Summer,2024,3,Q1
ORD_01131,2024-03-20,BUYER_012,Polyester_Plain,Woven,5000,3.78,18900.47,Shipped,32,31,63,45,Winter,2024,3,Q1
ORD_01132,2024-03-22,BUYER_007,Cotton_Polyester_Blend,Woven,1993,6.73,13422.85,In_Production,25,33,59,60,Spring,2024,3,Q1
ORD_01133,2024-03-22,BUYER_019,Terry_Cloth,Knit,2557,4.9,12521.76,Completed,16,35,55,45,Spring,2024,3,Q1
ORD_01134,2024-03-24,BUYER_009,Cotton_Plain,Woven,2550,7.0,17856.63,Completed,20,39,63,45,Summer,2024,3,Q1
ORD_01135,2024-03-24,BUYER_016,Polyester_Satin,Woven,1699,5.7,9689.64,Completed,41,16,59,30,Autumn,2024,3,Q1
ORD_01136,2024-03-25,BUYER_028,Cotton_Denim,Woven,3138,9.11,28585.7,Shipped,43,19,69,45,Summer,2024,3,Q1
ORD_01137,2024-03-25,BUYER_028,Viscose_Rayon,Woven,2498,8.02,20022.5,Completed,17,15,30,45,Spring,2024,3,Q1
ORD_01138,2024-03-25,BUYER_020,Terry_Cloth,Knit,2198,5.09,11193.29,Completed,16,37,58,60,Autumn,2024,3,Q1
ORD_01139,2024-03-26,BUYER_004,Polyester_Satin,Woven,3031,5.18,15686.23,Completed,41,29,66,30,Summer,2024,3,Q1
ORD_01140,2024-03-26,BUYER_011,Cotton_Plain,Woven,1351,7.18,9696.47,Completed,20,33,58,45,Winter,2024,3,Q1
ORD_01141,2024-03-27,BUYER_042,Viscose_Rayon,Woven,3307,8.05,26632.45,Completed,17,24,42,30,Spring,2024,3,Q1
ORD_01142,2024-03-27,BUYER_009,Polyester_Satin,Woven,2107,5.64,11891.42,Completed,41,28,68,45,Summer,2024,3,Q1
ORD_01143,2024-03-27,BUYER_018,Fleece,Knit,2000,7.64,15288.3,Completed,39,26,65,30,Spring,2024,3,Q1
ORD_01144,2024-03-27,BUYER_024,Polyester_Twill,Woven,5427,4.82,26181.09,Completed,28,29,63,45,Autumn,2024,3,Q1
ORD_01145,2024-03-27,BUYER_028,Cotton_Polyester_Blend,Woven,3671,7.34,26944.38,Completed,25,15,41,45,Spring,2024,3,Q1
ORD_01146,2024-03-27,BUYER_027,Polyester_Twill,Woven,5000,4.56,22792.96,Completed,28,35,72,45,Spring,2024,3,Q1
ORD_01147,2024-03-27,BUYER_024,Polyester_Plain,Woven,5000,3.76,18821.82,Completed,32,32,73,45,Winter,2024,3,Q1
ORD_01148,2024-03-27,BUYER_041,Fleece,Knit,2649,7.63,20201.06,In_Production,39,24,67,45,Summer,2024,3,Q1
ORD_01149,2024-03-28,BUYER_022,Terry_Cloth,Knit,2757,4.99,13770.82,Shipped,16,35,56,45,Summer,2024,3,Q1
ORD_01150,2024-03-28,BUYER_010,Linen,Woven,5287,12.4,65564.24,Completed,39,36,78,60,Summer,2024,3,Q1
ORD_01151,2024-03-28,BUYER_044,Cotton_Denim,Woven,2002,8.76,17540.17,Completed,43,28,68,30,Summer,2024,3,Q1
ORD_01152,2024-03-28,BUYER_031,Viscose_Rayon,Woven,5326,7.47,39792.91,Completed,17,38,59,30,Winter,2024,3,Q1
ORD_01153,2024-03-28,BUYER_040,Linen,Woven,5488,12.06,66206.5,Shipped,39,25,64,90,Winter,2024,3,Q1
ORD_01154,2024-03-29,BUYER_018,Polyester_Satin,Woven,1571,5.69,8943.46,Shipped,41,23,63,30,Spring,2024,3,Q1
ORD_01155,2024-03-29,BUYER_007,Fleece,Knit,2000,8.14,16287.52,Completed,39,47,95,60,Winter,2024,3,Q1
ORD_01156,2024-03-29,BUYER_023,Polyester_Twill,Woven,5000,4.82,24077.24,Completed,28,33,56,30,Winter,2024,3,Q1
ORD_01157,2024-03-30,BUYER_010,Polyester_Twill,Woven,11793,4.43,52209.7,Completed,28,27,50,60,Winter,2024,3,Q1
ORD_01158,2024-03-31,BUYER_020,Terry_Cloth,Knit,1373,4.39,6025.52,Completed,16,32,57,60,Summer,2024,3,Q1
ORD_01159,2024-03-31,BUYER_035,Cotton_Denim,Woven,4080,8.14,33229.98,Completed,43,22,63,60,Summer,2024,3,Q1
ORD_01160,2024-04-01,BUYER_005,Polyester_Twill,Woven,5000,4.8,23987.05,Completed,28,28,52,45,Winter,2024,4,Q2
ORD_01161,2024-04-01,BUYER_037,Cotton_Plain,Woven,2486,7.26,18045.52,Completed,20,16,42,45,Summer,2024,4,Q2
ORD_01162,2024-04-01,BUYER_009,Cotton_Denim,Woven,4488,8.21,36865.79,Completed,43,37,79,45,Summer,2024,4,Q2
ORD_01163,2024-04-02,BUYER_025,Cotton_Twill,Woven,2854,7.28,20774.2,Completed,28,36,62,30,Summer,2024,4,Q2
ORD_01164,2024-04-02,BUYER_019,Cotton_Plain,Woven,2763,6.79,18768.97,Shipped,20,29,57,45,Spring,2024,4,Q2
ORD_01165,2024-04-02,BUYER_042,Terry_Cloth,Knit,5242,4.94,25894.51,Completed,16,19,41,30,Winter,2024,4,Q2
ORD_01166,2024-04-02,BUYER_012,Viscose_Rayon,Woven,2444,7.66,18722.57,Completed,17,35,58,45,Autumn,2024,4,Q2
ORD_01167,2024-04-02,BUYER_032,Polyester_Satin,Woven,7230,5.31,38409.54,Completed,41,34,83,45,Winter,2024,4,Q2
ORD_01168,2024-04-02,BUYER_042,Terry_Cloth,Knit,2569,4.7,12080.86,Completed,16,17,41,30,Summer,2024,4,Q2
ORD_01169,2024-04-02,BUYER_042,Polyester_Satin,Woven,5787,5.87,33960.37,Cancelled,41,24,63,30,Summer,2024,4,Q2
ORD_01170,2024-04-02,BUYER_015,Polyester_Twill,Woven,5000,4.97,24843.5,Completed,28,39,65,45,Spring,2024,4,Q2
ORD_01171,2024-04-03,BUYER_020,Polyester_Twill,Woven,5497,4.51,24780.28,Completed,28,28,63,60,Summer,2024,4,Q2
ORD_01172,2024-04-03,BUYER_040,Cotton_Plain,Woven,5555,7.46,41428.76,Completed,20,35,58,90,Winter,2024,4,Q2
ORD_01173,2024-04-03,BUYER_001,Silk_Blend,Woven,14707,17.93,263731.08,Shipped,30,25,55,45,Spring,2024,4,Q2
ORD_01174,2024-04-03,BUYER_021,Polyester_Twill,Woven,5000,4.36,21791.71,Completed,28,33,66,90,Winter,2024,4,Q2
ORD_01175,2024-04-05,BUYER_045,Cotton_Plain,Woven,2627,6.81,17878.72,Completed,20,37,61,90,Autumn,2024,4,Q2
ORD_01176,2024-04-05,BUYER_043,Polyester_Twill,Woven,5000,4.63,23152.42,Completed,28,38,72,90,Summer,2024,4,Q2
ORD_01177,2024-04-06,BUYER_043,Fleece,Knit,2382,7.39,17613.61,Completed,39,36,70,90,Winter,2024,4,Q2
ORD_01178,2024-04-06,BUYER_034,Silk_Blend,Woven,2670,16.93,45201.54,Completed,30,35,61,30,Spring,2024,4,Q2
ORD_01179,2024-04-06,BUYER_004,Cotton_Twill,Woven,1684,7.6,12790.89,Completed,28,36,73,30,Autumn,2024,4,Q2
ORD_01180,2024-04-08,BUYER_007,Viscose_Rayon,Woven,1000,8.0,8004.03,Completed,17,37,53,60,Winter,2024,4,Q2
ORD_01181,2024-04-08,BUYER_012,Terry_Cloth,Knit,5040,4.53,22815.63,Completed,16,30,43,45,Winter,2024,4,Q2
ORD_01182,2024-04-08,BUYER_016,Cotton_Twill,Woven,1945,7.12,13849.12,Completed,28,16,42,30,Winter,2024,4,Q2
ORD_01183,2024-04-08,BUYER_023,Viscose_Rayon,Woven,1780,7.61,13543.09,Completed,17,47,64,30,Summer,2024,4,Q2
ORD_01184,2024-04-08,BUYER_017,Cotton_Denim,Woven,5410,8.78,47501.68,Completed,43,37,88,45,Winter,2024,4,Q2
ORD_01185,2024-04-08,BUYER_006,Cotton_Polyester_Blend,Woven,3718,7.05,26207.53,Completed,25,27,47,45,Winter,2024,4,Q2
ORD_01186,2024-04-08,BUYER_023,Cotton_Denim,Woven,2000,9.35,18709.75,Shipped,43,40,85,30,Autumn,2024,4,Q2
ORD_01187,2024-04-08,BUYER_002,Polyester_Satin,Woven,3560,5.17,18395.24,Completed,41,32,73,60,Summer,2024,4,Q2
ORD_01188,2024-04-08,BUYER_045,Cotton_Denim,Woven,2000,9.34,18675.7,Completed,43,32,71,90,Summer,2024,4,Q2
ORD_01189,2024-04-08,BUYER_018,Cotton_Twill,Woven,2036,7.0,14248.98,Completed,28,20,47,30,Winter,2024,4,Q2
ORD_01190,2024-04-09,BUYER_034,Cotton_Plain,Woven,830,7.59,6299.09,Completed,20,37,55,30,Winter,2024,4,Q2
ORD_01191,2024-04-09,BUYER_018,Silk_Blend,Woven,2108,17.64,37181.92,Shipped,30,24,53,30,Autumn,2024,4,Q2
ORD_01192,2024-04-10,BUYER_041,Cotton_Polyester_Blend,Woven,2935,7.35,21567.51,Completed,25,18,51,45,Summer,2024,4,Q2
ORD_01193,2024-04-11,BUYER_037,Polyester_Twill,Woven,5000,4.65,23233.07,Completed,28,19,54,45,Summer,2024,4,Q2
ORD_01194,2024-04-11,BUYER_014,Polyester_Twill,Woven,5000,4.93,24655.63,Shipped,28,28,60,30,Winter,2024,4,Q2
ORD_01195,2024-04-11,BUYER_032,Cotton_Denim,Woven,9705,8.9,86349.96,Completed,43,33,83,45,Winter,2024,4,Q2
ORD_01196,2024-04-11,BUYER_029,Cotton_Polyester_Blend,Woven,1045,6.87,7177.14,Shipped,25,34,60,45,Autumn,2024,4,Q2
ORD_01197,2024-04-12,BUYER_033,Silk_Blend,Woven,1367,18.33,25057.37,Shipped,30,35,65,30,Winter,2024,4,Q2
ORD_01198,2024-04-12,BUYER_033,Polyester_Plain,Woven,5000,3.85,19264.07,Completed,32,37,74,30,Autumn,2024,4,Q2
ORD_01199,2024-04-12,BUYER_001,Cotton_Twill,Woven,5037,7.4,37292.58,Completed,28,28,64,45,Winter,2024,4,Q2
ORD_01200,2024-04-12,BUYER_033,Cotton_Denim,Woven,2000,8.97,17949.84,Completed,43,38,83,30,Summer,2024,4,Q2
ORD_01201,2024-04-13,BUYER_005,Cotton_Twill,Woven,4080,7.08,28885.18,Completed,28,23,48,45,Winter,2024,4,Q2
ORD_01202,2024-04-16,BUYER_040,Viscose_Rayon,Woven,2030,7.85,15941.04,Completed,17,35,48,90,Summer,2024,4,Q2
ORD_01203,2024-04-16,BUYER_039,Cotton_Denim,Woven,14337,8.73,125146.48,Completed,43,26,76,60,Summer,2024,4,Q2
ORD_01204,2024-04-16,BUYER_041,Cotton_Plain,Woven,1012,7.18,7270.16,Completed,20,18,33,45,Summer,2024,4,Q2
ORD_01205,2024-04-16,BUYER_003,Polyester_Twill,Woven,5000,4.59,22938.99,Completed,28,23,60,90,Spring,2024,4,Q2
ORD_01206,2024-04-16,BUYER_038,Polyester_Twill,Woven,5000,4.58,22917.61,Completed,28,24,50,30,Autumn,2024,4,Q2
ORD_01207,2024-04-16,BUYER_008,Cotton_Denim,Woven,2000,8.32,16649.54,Completed,43,29,75,45,Autumn,2024,4,Q2
ORD_01208,2024-04-17,BUYER_014,Cotton_Denim,Woven,2000,8.89,17773.28,Shipped,43,28,70,30,Summer,2024,4,Q2
ORD_01209,2024-04-17,BUYER_005,Silk_Blend,Woven,3971,17.96,71334.66,Completed,30,15,41,45,Spring,2024,4,Q2
ORD_01210,2024-04-17,BUYER_025,Terry_Cloth,Knit,3417,4.61,15760.4,Completed,16,29,42,30,Winter,2024,4,Q2
ORD_01211,2024-04-17,BUYER_017,Cotton_Polyester_Blend,Woven,3568,6.96,24841.6,Completed,25,33,65,45,Summer,2024,4,Q2
ORD_01212,2024-04-17,BUYER_027,Polyester_Twill,Woven,5000,4.56,22786.55,Completed,28,39,67,45,Spring,2024,4,Q2
ORD_01213,2024-04-17,BUYER_021,Linen,Woven,2887,11.92,34420.23,Completed,39,26,72,90,Winter,2024,4,Q2
ORD_01214,2024-04-17,BUYER_005,Cotton_Twill,Woven,5672,7.0,39678.59,In_Production,28,25,61,45,Winter,2024,4,Q2
ORD_01215,2024-04-17,BUYER_035,Cotton_Denim,Woven,5241,8.87,46472.04,Completed,43,15,55,60,Autumn,2024,4,Q2
ORD_01216,2024-04-18,BUYER_031,Cotton_Polyester_Blend,Woven,1145,6.57,7523.36,Completed,25,38,70,30,Spring,2024,4,Q2
ORD_01217,2024-04-18,BUYER_017,Polyester_Plain,Woven,5000,3.94,19716.89,Completed,32,36,71,45,Autumn,2024,4,Q2
ORD_01218,2024-04-18,BUYER_003,Silk_Blend,Woven,1000,16.8,16795.14,Completed,30,20,54,90,Spring,2024,4,Q2
ORD_01219,2024-04-19,BUYER_035,Fleece,Knit,2425,7.96,19299.75,Completed,39,21,61,60,Spring,2024,4,Q2
ORD_01220,2024-04-20,BUYER_008,Polyester_Satin,Woven,1083,5.27,5703.56,Shipped,41,31,74,45,Summer,2024,4,Q2
ORD_01221,2024-04-20,BUYER_020,Polyester_Satin,Woven,4316,5.72,24676.85,Completed,41,31,73,60,Spring,2024,4,Q2
ORD_01222,2024-04-21,BUYER_001,Polyester_Plain,Woven,7334,3.94,28890.83,Completed,32,28,69,45,Spring,2024,4,Q2
ORD_01223,2024-04-21,BUYER_004,Polyester_Plain,Woven,5000,3.82,19115.98,Completed,32,31,59,30,Autumn,2024,4,Q2
ORD_01224,2024-04-22,BUYER_005,Cotton_Denim,Woven,3947,8.54,33726.57,Completed,43,27,68,45,Spring,2024,4,Q2
ORD_01225,2024-04-22,BUYER_018,Polyester_Plain,Woven,5000,3.74,18720.83,Completed,32,18,54,30,Autumn,2024,4,Q2
ORD_01226,2024-04-22,BUYER_030,Fleece,Knit,5771,7.78,44925.24,Completed,39,27,64,60,Autumn,2024,4,Q2
ORD_01227,2024-04-22,BUYER_009,Polyester_Twill,Woven,5000,4.69,23443.5,Completed,28,28,62,45,Summer,2024,4,Q2
ORD_01228,2024-04-22,BUYER_033,Linen,Woven,2789,12.1,33760.63,Completed,39,37,73,30,Spring,2024,4,Q2
ORD_01229,2024-04-22,BUYER_043,Silk_Blend,Woven,2595,17.74,46028.57,Completed,30,31,68,90,Spring,2024,4,Q2
ORD_01230,2024-04-23,BUYER_027,Cotton_Denim,Woven,3566,8.41,29988.84,Shipped,43,25,70,45,Autumn,2024,4,Q2
ORD_01231,2024-04-23,BUYER_012,Polyester_Twill,Woven,5000,5.07,25358.31,Completed,28,37,73,45,Summer,2024,4,Q2
ORD_01232,2024-04-23,BUYER_045,Polyester_Twill,Woven,5000,4.95,24769.32,Completed,28,32,57,90,Autumn,2024,4,Q2
ORD_01233,2024-04-24,BUYER_032,Cotton_Plain,Woven,8156,7.57,61714.1,Completed,20,29,49,45,Autumn,2024,4,Q2
ORD_01234,2024-04-24,BUYER_024,Cotton_Polyester_Blend,Woven,4989,7.03,35090.65,Completed,25,35,65,45,Winter,2024,4,Q2
ORD_01235,2024-04-24,BUYER_010,Cotton_Twill,Woven,14146,7.31,103415.93,Completed,28,29,52,60,Summer,2024,4,Q2
ORD_01236,2024-04-24,BUYER_007,Silk_Blend,Woven,1933,17.24,33327.41,Completed,30,47,85,60,Summer,2024,4,Q2
ORD_01237,2024-04-24,BUYER_020,Silk_Blend,Woven,4274,17.31,73963.01,Shipped,30,26,55,60,Winter,2024,4,Q2
ORD_01238,2024-04-24,BUYER_038,Cotton_Denim,Woven,2000,8.05,16105.82,Completed,43,20,68,30,Summer,2024,4,Q2
ORD_01239,2024-04-24,BUYER_033,Cotton_Plain,Woven,1804,6.81,12281.47,Completed,20,33,58,30,Summer,2024,4,Q2
ORD_01240,2024-04-25,BUYER_017,Silk_Blend,Woven,2874,17.83,51243.26,Shipped,30,39,78,45,Summer,2024,4,Q2
ORD_01241,2024-04-25,BUYER_020,Polyester_Plain,Woven,5000,3.63,18140.59,Completed,32,28,67,60,Spring,2024,4,Q2
ORD_01242,2024-04-25,BUYER_023,Cotton_Twill,Woven,1767,6.96,12299.26,Completed,28,48,72,30,Autumn,2024,4,Q2
ORD_01243,2024-04-26,BUYER_010,Terry_Cloth,Knit,6216,4.78,29717.23,Completed,16,31,51,60,Winter,2024,4,Q2
ORD_01244,2024-04-26,BUYER_030,Cotton_Plain,Woven,1735,7.8,13529.01,Shipped,20,17,46,60,Summer,2024,4,Q2
ORD_01245,2024-04-26,BUYER_045,Viscose_Rayon,Woven,1531,7.63,11675.53,Shipped,17,30,56,90,Spring,2024,4,Q2
ORD_01246,2024-04-26,BUYER_024,Fleece,Knit,2100,7.16,15039.97,On_Hold,39,38,79,45,Spring,2024,4,Q2
ORD_01247,2024-04-26,BUYER_011,Fleece,Knit,2249,7.48,16828.12,Completed,39,30,72,45,Winter,2024,4,Q2
ORD_01248,2024-04-29,BUYER_002,Cotton_Polyester_Blend,Woven,2440,7.01,17113.22,In_Production,25,38,70,60,Winter,2024,4,Q2
ORD_01249,2024-04-29,BUYER_041,Polyester_Twill,Woven,5000,4.54,22720.48,Completed,28,15,39,45,Winter,2024,4,Q2
ORD_01250,2024-04-30,BUYER_006,Terry_Cloth,Knit,2531,4.37,11065.66,Completed,16,31,44,45,Winter,2024,4,Q2
ORD_01251,2024-04-30,BUYER_043,Cotton_Plain,Woven,2610,7.03,18349.3,In_Production,20,25,40,90,Summer,2024,4,Q2
ORD_01252,2024-05-01,BUYER_021,Terry_Cloth,Knit,5615,4.92,27632.28,Completed,16,36,57,90,Autumn,2024,5,Q2
ORD_01253,2024-05-01,BUYER_034,Silk_Blend,Woven,1381,16.52,22808.38,Completed,30,40,67,30,Winter,2024,5,Q2
ORD_01254,2024-05-01,BUYER_012,Linen,Woven,2346,11.97,28087.93,Completed,39,33,72,45,Winter,2024,5,Q2
ORD_01255,2024-05-01,BUYER_018,Linen,Woven,2361,11.24,26541.31,Completed,39,21,59,30,Summer,2024,5,Q2
ORD_01256,2024-05-01,BUYER_041,Silk_Blend,Woven,4169,16.05,66925.36,Completed,30,21,47,45,Summer,2024,5,Q2
ORD_01257,2024-05-02,BUYER_007,Polyester_Satin,Woven,1554,5.63,8753.63,Completed,41,49,94,60,Spring,2024,5,Q2
ORD_01258,2024-05-02,BUYER_039,Silk_Blend,Woven,3138,17.74,55678.58,Completed,30,26,54,60,Spring,2024,5,Q2
ORD_01259,2024-05-03,BUYER_006,Cotton_Denim,Woven,2000,8.87,17748.9,Completed,43,35,82,45,Autumn,2024,5,Q2
ORD_01260,2024-05-03,BUYER_002,Cotton_Denim,Woven,3727,8.1,30204.97,Completed,43,33,85,60,Summer,2024,5,Q2
ORD_01261,2024-05-03,BUYER_007,Cotton_Polyester_Blend,Woven,2082,6.95,14477.83,Completed,25,37,61,60,Spring,2024,5,Q2
ORD_01262,2024-05-03,BUYER_031,Linen,Woven,3033,10.72,32512.85,Completed,39,37,83,30,Winter,2024,5,Q2
ORD_01263,2024-05-03,BUYER_028,Cotton_Twill,Woven,2834,7.43,21070.74,Completed,28,25,48,45,Winter,2024,5,Q2
ORD_01264,2024-05-05,BUYER_025,Cotton_Polyester_Blend,Woven,5039,6.85,34499.69,Shipped,25,30,62,30,Winter,2024,5,Q2
ORD_01265,2024-05-05,BUYER_024,Cotton_Denim,Woven,4986,8.13,40555.51,Completed,43,37,88,45,Autumn,2024,5,Q2
ORD_01266,2024-05-06,BUYER_033,Cotton_Polyester_Blend,Woven,2500,6.74,16852.05,Completed,25,32,62,30,Winter,2024,5,Q2
ORD_01267,2024-05-06,BUYER_003,Fleece,Knit,2000,8.27,16549.02,Completed,39,25,59,90,Summer,2024,5,Q2
ORD_01268,2024-05-06,BUYER_025,Linen,Woven,3018,10.77,32495.65,Completed,39,32,80,30,Autumn,2024,5,Q2
ORD_01269,2024-05-06,BUYER_006,Polyester_Plain,Woven,5845,3.4,19868.24,Shipped,32,36,66,45,Summer,2024,5,Q2
ORD_01270,2024-05-06,BUYER_020,Linen,Woven,2793,12.4,34623.73,Completed,39,34,82,60,Summer,2024,5,Q2
ORD_01271,2024-05-06,BUYER_021,Cotton_Twill,Woven,1386,6.84,9477.56,Completed,28,32,58,90,Spring,2024,5,Q2
ORD_01272,2024-05-06,BUYER_028,Silk_Blend,Woven,1986,17.33,34423.53,Shipped,30,20,51,45,Spring,2024,5,Q2
ORD_01273,2024-05-07,BUYER_031,Viscose_Rayon,Woven,3058,7.35,22476.39,Completed,17,28,54,30,Summer,2024,5,Q2
ORD_01274,2024-05-07,BUYER_019,Cotton_Denim,Woven,5018,8.45,42404.07,Completed,43,30,81,45,Spring,2024,5,Q2
ORD_01275,2024-05-07,BUYER_036,Polyester_Plain,Woven,5000,3.65,18243.23,Shipped,32,25,60,90,Summer,2024,5,Q2
ORD_01276,2024-05-07,BUYER_031,Terry_Cloth,Knit,4789,4.45,21306.94,Completed,16,31,56,30,Winter,2024,5,Q2
ORD_01277,2024-05-07,BUYER_017,Silk_Blend,Woven,4583,17.61,80727.15,Completed,30,47,81,45,Winter,2024,5,Q2
ORD_01278,2024-05-08,BUYER_011,Polyester_Plain,Woven,5000,3.51,17545.36,Completed,32,31,65,45,Summer,2024,5,Q2
ORD_01279,2024-05-08,BUYER_041,Cotton_Denim,Woven,2361,8.81,20790.22,Completed,43,19,70,45,Autumn,2024,5,Q2
ORD_01280,2024-05-08,BUYER_016,Cotton_Polyester_Blend,Woven,1764,6.77,11949.52,Completed,25,19,39,30,Winter,2024,5,Q2
ORD_01281,2024-05-09,BUYER_009,Polyester_Twill,Woven,5000,4.49,22435.79,Shipped,28,31,60,45,Autumn,2024,5,Q2
ORD_01282,2024-05-10,BUYER_037,Linen,Woven,5447,11.19,60970.88,Completed,39,25,72,45,Autumn,2024,5,Q2
ORD_01283,2024-05-10,BUYER_017,Linen,Woven,2466,10.63,26205.64,Completed,39,46,81,45,Summer,2024,5,Q2
ORD_01284,2024-05-11,BUYER_001,Terry_Cloth,Knit,4090,4.44,18178.66,Shipped,16,36,47,45,Spring,2024,5,Q2
ORD_01285,2024-05-13,BUYER_030,Silk_Blend,Woven,5250,16.22,85163.53,Completed,30,27,59,60,Winter,2024,5,Q2
ORD_01286,2024-05-13,BUYER_036,Polyester_Plain,Woven,5000,3.9,19489.14,Completed,32,30,68,90,Winter,2024,5,Q2
ORD_01287,2024-05-13,BUYER_044,Cotton_Denim,Woven,3345,8.14,27227.17,Shipped,43,19,66,30,Summer,2024,5,Q2
ORD_01288,2024-05-13,BUYER_032,Polyester_Twill,Woven,14371,4.51,64753.72,Completed,28,27,54,45,Spring,2024,5,Q2
ORD_01289,2024-05-15,BUYER_021,Polyester_Plain,Woven,5000,3.73,18626.42,Completed,32,31,68,90,Autumn,2024,5,Q2
ORD_01290,2024-05-15,BUYER_003,Fleece,Knit,2000,7.78,15557.73,Shipped,39,22,60,90,Summer,2024,5,Q2
ORD_01291,2024-05-16,BUYER_001,Cotton_Denim,Woven,6963,8.51,59267.8,Completed,43,39,80,45,Spring,2024,5,Q2
ORD_01292,2024-05-16,BUYER_040,Fleece,Knit,2000,8.34,16677.03,Completed,39,31,68,90,Spring,2024,5,Q2
ORD_01293,2024-05-16,BUYER_009,Linen,Woven,2000,10.73,21459.19,Completed,39,34,68,45,Summer,2024,5,Q2
ORD_01294,2024-05-17,BUYER_003,Terry_Cloth,Knit,2328,4.99,11620.99,Completed,16,28,50,90,Autumn,2024,5,Q2
ORD_01295,2024-05-17,BUYER_045,Cotton_Twill,Woven,2996,7.34,21992.0,Shipped,28,32,55,90,Autumn,2024,5,Q2
ORD_01296,2024-05-17,BUYER_001,Viscose_Rayon,Woven,12841,8.0,102722.93,Shipped,17,34,53,45,Winter,2024,5,Q2
ORD_01297,2024-05-17,BUYER_007,Silk_Blend,Woven,1000,18.14,18138.73,Shipped,30,41,73,60,Winter,2024,5,Q2
ORD_01298,2024-05-19,BUYER_001,Cotton_Twill,Woven,4343,6.97,30290.53,Completed,28,27,62,45,Autumn,2024,5,Q2
ORD_01299,2024-05-20,BUYER_026,Polyester_Satin,Woven,2485,5.86,14568.05,Completed,41,36,72,45,Summer,2024,5,Q2
ORD_01300,2024-05-21,BUYER_003,Polyester_Satin,Woven,1155,5.61,6475.27,In_Production,41,20,65,90,Autumn,2024,5,Q2
ORD_01301,2024-05-21,BUYER_015,Polyester_Satin,Woven,1835,5.82,10682.95,Shipped,41,31,77,45,Winter,2024,5,Q2
ORD_01302,2024-05-21,BUYER_034,Cotton_Plain,Woven,1450,7.02,10171.97,On_Hold,20,41,59,30,Winter,2024,5,Q2
ORD_01303,2024-05-21,BUYER_032,Cotton_Plain,Woven,8162,6.72,54809.02,Completed,20,27,52,45,Spring,2024,5,Q2
ORD_01304,2024-05-21,BUYER_012,Linen,Woven,3596,11.28,40563.46,Completed,39,29,72,45,Autumn,2024,5,Q2
ORD_01305,2024-05-21,BUYER_027,Cotton_Polyester_Blend,Woven,2801,7.14,19992.6,Completed,25,37,60,45,Winter,2024,5,Q2
ORD_01306,2024-05-21,BUYER_023,Terry_Cloth,Knit,1629,4.55,7414.28,Shipped,16,44,62,30,Autumn,2024,5,Q2
ORD_01307,2024-05-21,BUYER_029,Polyester_Plain,Woven,5045,3.41,17188.61,Completed,32,39,74,45,Summer,2024,5,Q2
ORD_01308,2024-05-21,BUYER_005,Polyester_Plain,Woven,5043,3.47,17479.7,Completed,32,22,63,45,Autumn,2024,5,Q2
ORD_01309,2024-05-22,BUYER_006,Cotton_Polyester_Blend,Woven,3260,6.85,22321.86,Shipped,25,28,54,45,Spring,2024,5,Q2
ORD_01310,2024-05-22,BUYER_022,Viscose_Rayon,Woven,2435,7.21,17559.35,Shipped,17,36,50,45,Summer,2024,5,Q2
ORD_01311,2024-05-22,BUYER_011,Cotton_Twill,Woven,1590,6.84,10877.68,On_Hold,28,43,72,45,Autumn,2024,5,Q2
ORD_01312,2024-05-22,BUYER_032,Terry_Cloth,Knit,2937,4.78,14043.55,Completed,16,37,60,45,Winter,2024,5,Q2
ORD_01313,2024-05-22,BUYER_021,Linen,Woven,4703,10.69,50266.36,Shipped,39,36,83,90,Summer,2024,5,Q2
ORD_01314,2024-05-23,BUYER_032,Cotton_Denim,Woven,11705,8.76,102571.3,Completed,43,36,74,45,Winter,2024,5,Q2
ORD_01315,2024-05-23,BUYER_018,Cotton_Plain,Woven,2145,7.55,16187.07,On_Hold,20,18,33,30,Summer,2024,5,Q2
ORD_01316,2024-05-23,BUYER_012,Linen,Woven,5200,10.91,56749.3,Completed,39,29,70,45,Spring,2024,5,Q2
ORD_01317,2024-05-23,BUYER_018,Viscose_Rayon,Woven,2122,8.21,17424.46,Completed,17,19,38,30,Spring,2024,5,Q2
ORD_01318,2024-05-23,BUYER_033,Silk_Blend,Woven,2873,17.07,49041.39,Completed,30,39,69,30,Spring,2024,5,Q2
ORD_01319,2024-05-24,BUYER_003,Linen,Woven,2331,11.76,27419.09,Completed,39,25,62,90,Spring,2024,5,Q2
ORD_01320,2024-05-24,BUYER_024,Cotton_Polyester_Blend,Woven,1398,7.21,10077.34,Completed,25,32,56,45,Winter,2024,5,Q2
ORD_01321,2024-05-24,BUYER_037,Cotton_Polyester_Blend,Woven,3025,7.02,21246.07,Shipped,25,29,60,45,Summer,2024,5,Q2
ORD_01322,2024-05-24,BUYER_010,Cotton_Plain,Woven,14728,7.05,103803.58,Shipped,20,37,56,60,Autumn,2024,5,Q2
ORD_01323,2024-05-24,BUYER_042,Cotton_Twill,Woven,5018,7.32,36750.95,Completed,28,22,47,30,Spring,2024,5,Q2
ORD_01324,2024-05-24,BUYER_036,Viscose_Rayon,Woven,2418,8.07,19508.67,Completed,17,39,51,90,Winter,2024,5,Q2
ORD_01325,2024-05-24,BUYER_016,Silk_Blend,Woven,1909,16.71,31892.67,Completed,30,15,53,30,Autumn,2024,5,Q2
ORD_01326,2024-05-24,BUYER_021,Cotton_Polyester_Blend,Woven,2871,6.45,18518.72,Completed,25,25,57,90,Summer,2024,5,Q2
ORD_01327,2024-05-26,BUYER_011,Viscose_Rayon,Woven,1000,8.35,8345.86,Completed,17,30,42,45,Autumn,2024,5,Q2
ORD_01328,2024-05-26,BUYER_018,Linen,Woven,2000,12.1,24204.91,Shipped,39,25,68,30,Autumn,2024,5,Q2
ORD_01329,2024-05-27,BUYER_040,Fleece,Knit,3236,8.07,26126.72,Shipped,39,27,72,90,Summer,2024,5,Q2
ORD_01330,2024-05-27,BUYER_033,Cotton_Denim,Woven,2838,8.32,23599.96,Completed,43,26,67,30,Spring,2024,5,Q2
ORD_01331,2024-05-27,BUYER_011,Polyester_Satin,Woven,1000,5.34,5339.57,Completed,41,40,89,45,Summer,2024,5,Q2
ORD_01332,2024-05-27,BUYER_010,Cotton_Plain,Woven,12513,7.75,96951.15,Completed,20,27,54,60,Winter,2024,5,Q2
ORD_01333,2024-05-27,BUYER_033,Viscose_Rayon,Woven,1000,8.32,8322.23,Completed,17,31,51,30,Summer,2024,5,Q2
ORD_01334,2024-05-28,BUYER_026,Cotton_Twill,Woven,4164,7.04,29332.56,Completed,28,29,62,45,Winter,2024,5,Q2
ORD_01335,2024-05-28,BUYER_037,Polyester_Plain,Woven,5000,3.86,19315.45,Completed,32,26,65,45,Winter,2024,5,Q2
ORD_01336,2024-05-29,BUYER_028,Cotton_Plain,Woven,5359,7.07,37872.56,Completed,20,27,55,45,Autumn,2024,5,Q2
ORD_01337,2024-05-29,BUYER_002,Polyester_Satin,Woven,3652,5.75,20991.71,Completed,41,25,62,60,Summer,2024,5,Q2
ORD_01338,2024-05-29,BUYER_034,Cotton_Plain,Woven,1564,7.06,11044.31,Completed,20,38,65,30,Summer,2024,5,Q2
ORD_01339,2024-05-29,BUYER_009,Cotton_Polyester_Blend,Woven,4573,6.72,30742.49,Completed,25,31,60,45,Spring,2024,5,Q2
ORD_01340,2024-05-29,BUYER_025,Viscose_Rayon,Woven,4908,7.91,38825.54,Shipped,17,38,56,30,Spring,2024,5,Q2
ORD_01341,2024-05-30,BUYER_023,Cotton_Denim,Woven,2576,8.19,21107.1,Completed,43,37,77,30,Summer,2024,5,Q2
ORD_01342,2024-05-31,BUYER_015,Linen,Woven,2000,10.89,21789.72,Completed,39,25,71,45,Winter,2024,5,Q2
ORD_01343,2024-05-31,BUYER_014,Polyester_Satin,Woven,1275,5.56,7083.6,Shipped,41,21,61,30,Autumn,2024,5,Q2
ORD_01344,2024-05-31,BUYER_013,Polyester_Satin,Woven,4966,5.73,28439.88,Completed,41,32,81,30,Autumn,2024,5,Q2
ORD_01345,2024-05-31,BUYER_029,Terry_Cloth,Knit,4321,4.99,21548.04,Completed,16,39,59,45,Autumn,2024,5,Q2
ORD_01346,2024-05-31,BUYER_012,Terry_Cloth,Knit,4856,4.56,22166.56,Completed,16,30,51,45,Summer,2024,5,Q2
ORD_01347,2024-05-31,BUYER_032,Polyester_Plain,Woven,14794,3.65,54002.21,Completed,32,39,75,45,Winter,2024,5,Q2
ORD_01348,2024-06-01,BUYER_015,Cotton_Plain,Woven,1616,6.65,10746.39,Completed,20,37,52,45,Summer,2024,6,Q2
ORD_01349,2024-06-01,BUYER_013,Polyester_Plain,Woven,5000,3.79,18963.54,Completed,32,34,67,30,Winter,2024,6,Q2
ORD_01350,2024-06-02,BUYER_041,Polyester_Plain,Woven,5000,3.22,16108.64,Completed,32,26,66,45,Spring,2024,6,Q2
ORD_01351,2024-06-03,BUYER_018,Cotton_Denim,Woven,2000,8.58,17169.08,Completed,43,24,67,30,Winter,2024,6,Q2
ORD_01352,2024-06-04,BUYER_008,Cotton_Denim,Woven,2284,7.82,17859.85,Completed,43,37,85,45,Summer,2024,6,Q2
ORD_01353,2024-06-04,BUYER_012,Polyester_Satin,Woven,5945,4.69,27886.18,Completed,41,33,77,45,Autumn,2024,6,Q2
ORD_01354,2024-06-04,BUYER_014,Cotton_Polyester_Blend,Woven,1293,5.97,7717.26,Completed,25,15,36,30,Autumn,2024,6,Q2
ORD_01355,2024-06-05,BUYER_042,Cotton_Denim,Woven,3484,8.24,28713.59,Completed,43,24,72,30,Winter,2024,6,Q2
ORD_01356,2024-06-05,BUYER_031,Fleece,Knit,2117,7.41,15688.36,Completed,39,26,67,30,Summer,2024,6,Q2
ORD_01357,2024-06-06,BUYER_035,Linen,Woven,3401,11.18,38024.13,Completed,39,25,72,60,Winter,2024,6,Q2
ORD_01358,2024-06-06,BUYER_032,Cotton_Polyester_Blend,Woven,8726,5.89,51390.35,Completed,25,36,65,45,Summer,2024,6,Q2
ORD_01359,2024-06-06,BUYER_040,Fleece,Knit,3947,7.03,27765.71,Completed,39,26,69,90,Autumn,2024,6,Q2
ORD_01360,2024-06-06,BUYER_029,Silk_Blend,Woven,3492,16.19,56544.03,On_Hold,30,28,64,45,Spring,2024,6,Q2
ORD_01361,2024-06-06,BUYER_012,Silk_Blend,Woven,5364,15.21,81575.42,Completed,30,31,68,45,Spring,2024,6,Q2
ORD_01362,2024-06-07,BUYER_026,Silk_Blend,Woven,1774,16.61,29464.41,Shipped,30,30,66,45,Summer,2024,6,Q2
ORD_01363,2024-06-07,BUYER_021,Polyester_Twill,Woven,5000,4.32,21620.29,Completed,28,32,66,90,Winter,2024,6,Q2
ORD_01364,2024-06-10,BUYER_004,Silk_Blend,Woven,5584,15.53,86733.74,Completed,30,33,65,30,Summer,2024,6,Q2
ORD_01365,2024-06-11,BUYER_023,Cotton_Plain,Woven,2730,7.06,19283.69,Completed,20,40,59,30,Autumn,2024,6,Q2
ORD_01366,2024-06-11,BUYER_028,Polyester_Satin,Woven,2826,5.31,14998.27,Completed,41,20,69,45,Winter,2024,6,Q2
ORD_01367,2024-06-11,BUYER_007,Polyester_Satin,Woven,2422,5.18,12540.84,Shipped,41,39,87,60,Autumn,2024,6,Q2
ORD_01368,2024-06-12,BUYER_010,Linen,Woven,5489,10.92,59956.26,Shipped,39,33,75,60,Autumn,2024,6,Q2
ORD_01369,2024-06-13,BUYER_037,Viscose_Rayon,Woven,4516,7.8,35224.62,Completed,17,19,40,45,Autumn,2024,6,Q2
ORD_01370,2024-06-13,BUYER_003,Cotton_Denim,Woven,2000,8.99,17972.61,Completed,43,24,73,90,Spring,2024,6,Q2
ORD_01371,2024-06-13,BUYER_019,Polyester_Twill,Woven,5000,4.1,20491.81,Completed,28,28,53,45,Summer,2024,6,Q2
ORD_01372,2024-06-13,BUYER_018,Cotton_Polyester_Blend,Woven,2423,5.99,14513.3,Completed,25,18,44,30,Winter,2024,6,Q2
ORD_01373,2024-06-13,BUYER_026,Polyester_Twill,Woven,5000,4.68,23414.78,Completed,28,27,64,45,Summer,2024,6,Q2
ORD_01374,2024-06-13,BUYER_008,Polyester_Satin,Woven,3113,5.18,16111.65,Completed,41,33,79,45,Summer,2024,6,Q2
ORD_01375,2024-06-13,BUYER_031,Terry_Cloth,Knit,4766,4.5,21445.83,Shipped,16,27,45,30,Winter,2024,6,Q2
ORD_01376,2024-06-14,BUYER_001,Cotton_Twill,Woven,12174,6.97,84794.7,Completed,28,26,63,45,Spring,2024,6,Q2
ORD_01377,2024-06-14,BUYER_040,Polyester_Twill,Woven,5000,4.14,20677.76,Completed,28,26,61,90,Autumn,2024,6,Q2
ORD_01378,2024-06-14,BUYER_012,Terry_Cloth,Knit,5348,4.34,23210.99,Completed,16,27,39,45,Summer,2024,6,Q2
ORD_01379,2024-06-14,BUYER_028,Cotton_Polyester_Blend,Woven,4123,6.23,25668.94,Shipped,25,23,47,45,Winter,2024,6,Q2
ORD_01380,2024-06-15,BUYER_029,Cotton_Denim,Woven,2156,9.04,19491.2,Completed,43,28,75,45,Winter,2024,6,Q2
ORD_01381,2024-06-17,BUYER_019,Silk_Blend,Woven,3138,15.67,49170.92,Completed,30,28,64,45,Autumn,2024,6,Q2
ORD_01382,2024-06-17,BUYER_008,Polyester_Plain,Woven,5000,3.63,18125.06,Completed,32,38,78,45,Summer,2024,6,Q2
ORD_01383,2024-06-17,BUYER_041,Polyester_Plain,Woven,5000,3.43,17168.97,Completed,32,20,49,45,Spring,2024,6,Q2
ORD_01384,2024-06-17,BUYER_023,Terry_Cloth,Knit,1820,4.78,8691.69,Completed,16,40,51,30,Summer,2024,6,Q2
ORD_01385,2024-06-17,BUYER_045,Cotton_Polyester_Blend,Woven,1407,6.41,9019.37,Shipped,25,35,56,90,Autumn,2024,6,Q2
ORD_01386,2024-06-18,BUYER_024,Linen,Woven,5107,11.9,60763.48,Completed,39,26,61,45,Autumn,2024,6,Q2
ORD_01387,2024-06-18,BUYER_021,Linen,Woven,4557,11.38,51855.39,Completed,39,25,59,90,Autumn,2024,6,Q2
ORD_01388,2024-06-18,BUYER_004,Cotton_Twill,Woven,4303,6.77,29127.03,Completed,28,39,75,30,Summer,2024,6,Q2
ORD_01389,2024-06-18,BUYER_026,Cotton_Plain,Woven,3641,6.6,24046.43,Completed,20,35,55,45,Summer,2024,6,Q2
ORD_01390,2024-06-18,BUYER_031,Cotton_Polyester_Blend,Woven,2886,6.32,18238.78,Completed,25,38,70,30,Autumn,2024,6,Q2
ORD_01391,2024-06-19,BUYER_039,Polyester_Satin,Woven,12848,5.48,70415.43,Completed,41,15,56,60,Winter,2024,6,Q2
ORD_01392,2024-06-19,BUYER_043,Cotton_Denim,Woven,2603,7.72,20106.42,Completed,43,25,68,90,Winter,2024,6,Q2
ORD_01393,2024-06-19,BUYER_010,Fleece,Knit,13974,7.43,103800.0,Completed,39,33,70,60,Autumn,2024,6,Q2
ORD_01394,2024-06-19,BUYER_022,Cotton_Twill,Woven,1480,6.47,9576.75,Shipped,28,33,61,45,Spring,2024,6,Q2
ORD_01395,2024-06-19,BUYER_013,Cotton_Plain,Woven,1813,7.04,12760.54,Completed,20,29,45,30,Spring,2024,6,Q2
ORD_01396,2024-06-19,BUYER_010,Cotton_Denim,Woven,2154,7.77,16734.25,Completed,43,26,75,60,Winter,2024,6,Q2
ORD_01397,2024-06-19,BUYER_024,Linen,Woven,4831,10.48,50638.41,In_Production,39,26,73,45,Summer,2024,6,Q2
ORD_01398,2024-06-19,BUYER_042,Fleece,Knit,2756,6.97,19199.86,Completed,39,26,73,30,Spring,2024,6,Q2
ORD_01399,2024-06-20,BUYER_017,Terry_Cloth,Knit,1018,4.43,4512.11,Completed,16,49,70,45,Spring,2024,6,Q2
ORD_01400,2024-06-20,BUYER_024,Viscose_Rayon,Woven,5132,6.83,35026.36,Completed,17,26,52,45,Autumn,2024,6,Q2
ORD_01401,2024-06-20,BUYER_040,Fleece,Knit,2978,7.69,22905.2,Completed,39,29,65,90,Autumn,2024,6,Q2
ORD_01402,2024-06-20,BUYER_024,Cotton_Twill,Woven,2140,6.11,13085.21,Completed,28,35,65,45,Autumn,2024,6,Q2
ORD_01403,2024-06-20,BUYER_024,Fleece,Knit,5094,7.08,36048.44,Completed,39,37,76,45,Winter,2024,6,Q2
ORD_01404,2024-06-21,BUYER_006,Terry_Cloth,Knit,2180,4.64,10119.17,Completed,16,31,50,45,Spring,2024,6,Q2
ORD_01405,2024-06-21,BUYER_043,Polyester_Plain,Woven,5000,3.27,16367.09,Shipped,32,31,63,90,Winter,2024,6,Q2
ORD_01406,2024-06-21,BUYER_014,Fleece,Knit,2000,6.5,13003.04,Completed,39,25,65,30,Spring,2024,6,Q2
ORD_01407,2024-06-21,BUYER_005,Polyester_Plain,Woven,5386,3.62,19481.22,Shipped,32,21,56,45,Summer,2024,6,Q2
ORD_01408,2024-06-22,BUYER_017,Polyester_Plain,Woven,5000,3.6,17977.81,Shipped,32,41,82,45,Autumn,2024,6,Q2
ORD_01409,2024-06-23,BUYER_010,Cotton_Plain,Woven,2420,6.69,16177.84,Completed,20,31,54,60,Autumn,2024,6,Q2
ORD_01410,2024-06-23,BUYER_016,Cotton_Polyester_Blend,Woven,2406,6.74,16219.0,Completed,25,19,43,30,Summer,2024,6,Q2
ORD_01411,2024-06-23,BUYER_030,Viscose_Rayon,Woven,5371,7.91,42465.76,In_Production,17,24,49,60,Summer,2024,6,Q2
ORD_01412,2024-06-24,BUYER_025,Polyester_Plain,Woven,5000,3.29,16464.81,Completed,32,34,69,30,Summer,2024,6,Q2
ORD_01413,2024-06-25,BUYER_017,Polyester_Plain,Woven,5000,3.4,16994.55,Completed,32,33,68,45,Autumn,2024,6,Q2
ORD_01414,2024-06-25,BUYER_007,Polyester_Plain,Woven,5000,3.4,17012.56,Completed,32,48,85,60,Spring,2024,6,Q2
ORD_01415,2024-06-25,BUYER_030,Polyester_Satin,Woven,1352,5.79,7834.24,Completed,41,19,60,60,Summer,2024,6,Q2
ORD_01416,2024-06-25,BUYER_010,Polyester_Twill,Woven,12105,4.7,56889.4,Completed,28,34,58,60,Winter,2024,6,Q2
ORD_01417,2024-06-25,BUYER_037,Polyester_Twill,Woven,5000,4.61,23071.02,Completed,28,25,61,45,Spring,2024,6,Q2
ORD_01418,2024-06-26,BUYER_008,Polyester_Twill,Woven,5000,4.81,24062.36,Completed,28,29,63,45,Spring,2024,6,Q2
ORD_01419,2024-06-26,BUYER_015,Cotton_Twill,Woven,1523,7.18,10935.57,Shipped,28,31,67,45,Spring,2024,6,Q2
ORD_01420,2024-06-26,BUYER_003,Polyester_Plain,Woven,5000,3.3,16523.12,Completed,32,27,62,90,Winter,2024,6,Q2
ORD_01421,2024-06-26,BUYER_026,Fleece,Knit,2000,6.84,13679.76,Completed,39,39,81,45,Winter,2024,6,Q2
ORD_01422,2024-06-27,BUYER_013,Cotton_Polyester_Blend,Woven,3945,7.06,27866.51,Shipped,25,38,62,30,Autumn,2024,6,Q2
ORD_01423,2024-06-27,BUYER_030,Cotton_Denim,Woven,5398,7.31,39452.78,Shipped,43,18,67,60,Summer,2024,6,Q2
ORD_01424,2024-06-27,BUYER_020,Cotton_Polyester_Blend,Woven,1918,7.13,13667.63,Completed,25,33,59,60,Summer,2024,6,Q2
ORD_01425,2024-06-28,BUYER_032,Polyester_Twill,Woven,7849,4.29,33680.38,Shipped,28,31,66,45,Autumn,2024,6,Q2
ORD_01426,2024-06-28,BUYER_035,Cotton_Twill,Woven,1702,6.24,10622.86,Completed,28,27,59,60,Spring,2024,6,Q2
ORD_01427,2024-06-28,BUYER_009,Fleece,Knit,5876,7.01,41213.97,Completed,39,34,80,45,Autumn,2024,6,Q2
ORD_01428,2024-06-28,BUYER_022,Polyester_Plain,Woven,5000,3.11,15555.5,Shipped,32,34,68,45,Spring,2024,6,Q2
ORD_01429,2024-06-28,BUYER_007,Fleece,Knit,2000,6.9,13805.04,Completed,39,44,78,60,Winter,2024,6,Q2
ORD_01430,2024-06-29,BUYER_006,Cotton_Plain,Woven,5267,7.12,37483.62,Completed,20,26,46,45,Winter,2024,6,Q2
ORD_01431,2024-06-29,BUYER_020,Cotton_Polyester_Blend,Woven,3769,6.43,24229.42,Completed,25,39,59,60,Autumn,2024,6,Q2
ORD_01432,2024-06-30,BUYER_044,Polyester_Satin,Woven,2316,5.02,11622.28,Completed,41,16,53,30,Summer,2024,6,Q2
ORD_01433,2024-07-01,BUYER_040,Polyester_Plain,Woven,5000,3.37,16854.07,Shipped,32,31,64,90,Spring,2024,7,Q3
ORD_01434,2024-07-02,BUYER_008,Cotton_Twill,Woven,1846,7.12,13149.49,In_Production,28,31,61,45,Autumn,2024,7,Q3
ORD_01435,2024-07-02,BUYER_004,Polyester_Twill,Woven,5000,4.57,22850.44,Shipped,28,38,70,30,Autumn,2024,7,Q3
ORD_01436,2024-07-02,BUYER_026,Fleece,Knit,2195,6.64,14583.35,Completed,39,35,79,45,Autumn,2024,7,Q3
ORD_01437,2024-07-03,BUYER_037,Silk_Blend,Woven,3602,15.96,57495.98,Completed,30,27,58,45,Spring,2024,7,Q3
ORD_01438,2024-07-03,BUYER_031,Terry_Cloth,Knit,1625,4.22,6864.95,Completed,16,36,53,30,Summer,2024,7,Q3
ORD_01439,2024-07-03,BUYER_006,Linen,Woven,2000,11.1,22192.81,On_Hold,39,29,72,45,Spring,2024,7,Q3
ORD_01440,2024-07-03,BUYER_013,Fleece,Knit,5533,7.28,40295.58,Completed,39,38,85,30,Winter,2024,7,Q3
ORD_01441,2024-07-04,BUYER_029,Cotton_Twill,Woven,2886,7.08,20434.07,Completed,28,26,58,45,Winter,2024,7,Q3
ORD_01442,2024-07-04,BUYER_028,Fleece,Knit,2160,6.6,14257.02,Shipped,39,28,68,45,Summer,2024,7,Q3
ORD_01443,2024-07-04,BUYER_028,Cotton_Twill,Woven,5478,6.84,37479.57,Completed,28,19,54,45,Winter,2024,7,Q3
ORD_01444,2024-07-05,BUYER_002,Polyester_Satin,Woven,5815,5.26,30605.04,Completed,41,30,66,60,Spring,2024,7,Q3
ORD_01445,2024-07-06,BUYER_034,Fleece,Knit,2000,7.92,15849.83,Completed,39,37,81,30,Winter,2024,7,Q3
ORD_01446,2024-07-06,BUYER_037,Polyester_Twill,Woven,5000,4.02,20121.49,Completed,28,21,52,45,Winter,2024,7,Q3
ORD_01447,2024-07-06,BUYER_021,Fleece,Knit,3618,7.53,27241.88,Completed,39,28,63,90,Winter,2024,7,Q3
ORD_01448,2024-07-06,BUYER_040,Cotton_Twill,Woven,2258,6.86,15488.83,Shipped,28,32,63,90,Winter,2024,7,Q3
ORD_01449,2024-07-07,BUYER_038,Cotton_Twill,Woven,2982,6.24,18619.8,Completed,28,26,60,30,Summer,2024,7,Q3
ORD_01450,2024-07-08,BUYER_037,Cotton_Twill,Woven,5431,6.88,37382.34,Completed,28,22,56,45,Autumn,2024,7,Q3
ORD_01451,2024-07-09,BUYER_011,Polyester_Twill,Woven,5000,4.65,23231.35,Completed,28,37,65,45,Summer,2024,7,Q3
ORD_01452,2024-07-09,BUYER_029,Silk_Blend,Woven,4301,18.24,78453.22,On_Hold,30,38,70,45,Spring,2024,7,Q3
ORD_01453,2024-07-09,BUYER_017,Linen,Woven,2425,11.12,26954.59,In_Production,39,43,85,45,Summer,2024,7,Q3
ORD_01454,2024-07-09,BUYER_044,Linen,Woven,3344,11.23,37542.53,Completed,39,29,76,30,Summer,2024,7,Q3
ORD_01455,2024-07-10,BUYER_039,Cotton_Polyester_Blend,Woven,3602,6.5,23424.14,Completed,25,28,59,60,Winter,2024,7,Q3
ORD_01456,2024-07-10,BUYER_001,Silk_Blend,Woven,9463,15.93,150704.75,Completed,30,35,62,45,Spring,2024,7,Q3
ORD_01457,2024-07-12,BUYER_037,Cotton_Denim,Woven,5927,7.8,46212.03,Shipped,43,24,64,45,Spring,2024,7,Q3
ORD_01458,2024-07-12,BUYER_039,Cotton_Plain,Woven,2363,7.05,16653.79,Shipped,20,26,46,60,Winter,2024,7,Q3
ORD_01459,2024-07-12,BUYER_014,Linen,Woven,2896,11.87,34383.78,Completed,39,21,69,30,Winter,2024,7,Q3
ORD_01460,2024-07-13,BUYER_028,Silk_Blend,Woven,2958,18.06,53408.14,Shipped,30,26,63,45,Autumn,2024,7,Q3
ORD_01461,2024-07-13,BUYER_033,Cotton_Denim,Woven,2000,8.15,16309.94,Completed,43,31,82,30,Autumn,2024,7,Q3
ORD_01462,2024-07-15,BUYER_032,Polyester_Satin,Woven,10471,4.96,51962.85,Completed,41,29,74,45,Autumn,2024,7,Q3
ORD_01463,2024-07-16,BUYER_033,Polyester_Twill,Woven,5000,4.74,23677.24,Completed,28,25,58,30,Winter,2024,7,Q3
ORD_01464,2024-07-16,BUYER_016,Cotton_Twill,Woven,1302,6.3,8201.89,Completed,28,19,53,30,Autumn,2024,7,Q3
ORD_01465,2024-07-16,BUYER_005,Terry_Cloth,Knit,3443,4.59,15788.13,Completed,16,20,35,45,Winter,2024,7,Q3
ORD_01466,2024-07-17,BUYER_030,Cotton_Twill,Woven,3451,7.22,24919.39,Completed,28,26,53,60,Summer,2024,7,Q3
ORD_01467,2024-07-18,BUYER_010,Polyester_Plain,Woven,10721,3.59,38477.43,Completed,32,38,66,60,Autumn,2024,7,Q3
ORD_01468,2024-07-18,BUYER_027,Linen,Woven,5115,10.71,54787.46,Completed,39,31,76,45,Winter,2024,7,Q3
ORD_01469,2024-07-19,BUYER_018,Polyester_Twill,Woven,5000,4.26,21306.18,Shipped,28,25,54,30,Spring,2024,7,Q3
ORD_01470,2024-07-19,BUYER_011,Silk_Blend,Woven,1362,15.96,21735.99,Completed,30,45,79,45,Summer,2024,7,Q3
ORD_01471,2024-07-19,BUYER_017,Cotton_Plain,Woven,1870,6.97,13025.22,Completed,20,42,57,45,Summer,2024,7,Q3
ORD_01472,2024-07-19,BUYER_029,Terry_Cloth,Knit,3011,4.45,13395.56,Shipped,16,28,49,45,Summer,2024,7,Q3
ORD_01473,2024-07-20,BUYER_024,Linen,Woven,4285,10.25,43923.26,Completed,39,29,64,45,Spring,2024,7,Q3
ORD_01474,2024-07-20,BUYER_008,Linen,Woven,3379,10.26,34668.4,Completed,39,31,71,45,Autumn,2024,7,Q3
ORD_01475,2024-07-20,BUYER_017,Cotton_Plain,Woven,4755,6.49,30841.2,Completed,20,36,63,45,Winter,2024,7,Q3
ORD_01476,2024-07-22,BUYER_010,Cotton_Plain,Woven,10500,5.99,62939.56,Shipped,20,26,54,60,Autumn,2024,7,Q3
ORD_01477,2024-07-22,BUYER_027,Linen,Woven,2000,10.67,21343.2,Completed,39,25,69,45,Autumn,2024,7,Q3
ORD_01478,2024-07-23,BUYER_016,Polyester_Plain,Woven,5000,3.64,18220.56,Completed,32,26,60,30,Autumn,2024,7,Q3
ORD_01479,2024-07-23,BUYER_039,Cotton_Denim,Woven,6022,7.91,47622.15,Completed,43,26,71,60,Summer,2024,7,Q3
ORD_01480,2024-07-23,BUYER_045,Terry_Cloth,Knit,2908,4.35,12658.93,Completed,16,31,43,90,Autumn,2024,7,Q3
ORD_01481,2024-07-23,BUYER_029,Terry_Cloth,Knit,3914,4.87,19060.92,Completed,16,31,55,45,Spring,2024,7,Q3
ORD_01482,2024-07-23,BUYER_020,Cotton_Polyester_Blend,Woven,4933,5.8,28633.4,Completed,25,39,63,60,Winter,2024,7,Q3
ORD_01483,2024-07-24,BUYER_014,Cotton_Polyester_Blend,Woven,2549,6.75,17205.69,Completed,25,19,45,30,Summer,2024,7,Q3
ORD_01484,2024-07-24,BUYER_045,Terry_Cloth,Knit,1540,4.17,6416.95,Completed,16,38,50,90,Summer,2024,7,Q3
ORD_01485,2024-07-24,BUYER_045,Silk_Blend,Woven,1000,16.08,16083.34,Completed,30,39,64,90,Autumn,2024,7,Q3
ORD_01486,2024-07-25,BUYER_013,Viscose_Rayon,Woven,4304,7.47,32165.56,Completed,17,32,47,30,Winter,2024,7,Q3
ORD_01487,2024-07-25,BUYER_014,Viscose_Rayon,Woven,1946,7.27,14145.09,Completed,17,24,49,30,Winter,2024,7,Q3
ORD_01488,2024-07-26,BUYER_027,Polyester_Twill,Woven,5000,4.64,23177.36,Completed,28,33,68,45,Summer,2024,7,Q3
ORD_01489,2024-07-26,BUYER_015,Viscose_Rayon,Woven,1195,7.55,9017.88,Completed,17,25,45,45,Autumn,2024,7,Q3
ORD_01490,2024-07-26,BUYER_027,Polyester_Satin,Woven,5328,5.53,29448.79,Completed,41,27,75,45,Summer,2024,7,Q3
ORD_01491,2024-07-26,BUYER_027,Cotton_Polyester_Blend,Woven,3557,6.08,21642.24,Completed,25,29,51,45,Autumn,2024,7,Q3
ORD_01492,2024-07-28,BUYER_002,Cotton_Polyester_Blend,Woven,5735,6.0,34438.39,Completed,25,32,65,60,Summer,2024,7,Q3
ORD_01493,2024-07-28,BUYER_015,Cotton_Polyester_Blend,Woven,2557,6.44,16456.39,Completed,25,27,55,45,Spring,2024,7,Q3
ORD_01494,2024-07-29,BUYER_002,Polyester_Satin,Woven,5404,5.63,30449.07,Completed,41,38,84,60,Winter,2024,7,Q3
ORD_01495,2024-07-29,BUYER_019,Cotton_Twill,Woven,4935,6.68,32949.39,Completed,28,33,56,45,Spring,2024,7,Q3
ORD_01496,2024-07-29,BUYER_011,Cotton_Plain,Woven,1718,6.17,10595.08,Completed,20,41,60,45,Winter,2024,7,Q3
ORD_01497,2024-07-29,BUYER_039,Silk_Blend,Woven,11939,17.46,208514.59,Completed,30,24,57,60,Autumn,2024,7,Q3
ORD_01498,2024-07-30,BUYER_023,Silk_Blend,Woven,1000,15.62,15620.45,Completed,30,39,74,30,Summer,2024,7,Q3
ORD_01499,2024-07-30,BUYER_036,Silk_Blend,Woven,3244,15.83,51346.43,Completed,30,39,78,90,Winter,2024,7,Q3
ORD_01500,2024-07-30,BUYER_039,Terry_Cloth,Knit,9282,4.29,39852.65,Completed,16,28,50,60,Spring,2024,7,Q3
ORD_01501,2024-07-30,BUYER_006,Polyester_Satin,Woven,4621,4.98,22998.0,Shipped,41,33,76,45,Summer,2024,7,Q3
ORD_01502,2024-07-31,BUYER_025,Polyester_Satin,Woven,2863,5.13,14688.76,Completed,41,31,77,30,Autumn,2024,7,Q3
ORD_01503,2024-08-02,BUYER_014,Fleece,Knit,2000,7.62,15238.14,Completed,39,19,54,30,Spring,2024,8,Q3
ORD_01504,2024-08-05,BUYER_008,Fleece,Knit,2000,7.07,14142.91,Completed,39,29,68,45,Spring,2024,8,Q3
ORD_01505,2024-08-06,BUYER_002,Linen,Woven,5263,11.32,59601.86,Cancelled,39,28,72,60,Winter,2024,8,Q3
ORD_01506,2024-08-06,BUYER_010,Cotton_Denim,Woven,8487,7.93,67294.4,Completed,43,35,75,60,Autumn,2024,8,Q3
ORD_01507,2024-08-06,BUYER_003,Fleece,Knit,2000,7.49,14984.0,Completed,39,27,75,90,Summer,2024,8,Q3
ORD_01508,2024-08-06,BUYER_011,Cotton_Polyester_Blend,Woven,2916,6.62,19299.23,Cancelled,25,37,60,45,Summer,2024,8,Q3
ORD_01509,2024-08-07,BUYER_008,Cotton_Plain,Woven,2917,6.9,20119.09,Completed,20,28,44,45,Winter,2024,8,Q3
ORD_01510,2024-08-07,BUYER_012,Polyester_Twill,Woven,5499,3.94,21642.13,Completed,28,31,65,45,Autumn,2024,8,Q3
ORD_01511,2024-08-08,BUYER_002,Polyester_Satin,Woven,1322,5.43,7172.84,Shipped,41,25,74,60,Autumn,2024,8,Q3
ORD_01512,2024-08-08,BUYER_031,Cotton_Plain,Woven,5692,6.45,36714.58,Completed,20,26,52,30,Spring,2024,8,Q3
ORD_01513,2024-08-08,BUYER_041,Polyester_Plain,Woven,5000,3.4,16991.65,Completed,32,27,58,45,Autumn,2024,8,Q3
ORD_01514,2024-08-08,BUYER_010,Polyester_Plain,Woven,5000,3.28,16417.69,Completed,32,27,59,60,Winter,2024,8,Q3
ORD_01515,2024-08-08,BUYER_022,Polyester_Plain,Woven,5000,3.27,16332.2,Completed,32,36,72,45,Winter,2024,8,Q3
ORD_01516,2024-08-09,BUYER_019,Cotton_Denim,Woven,2000,7.54,15075.1,Completed,43,38,90,45,Spring,2024,8,Q3
ORD_01517,2024-08-11,BUYER_007,Cotton_Twill,Woven,2882,7.16,20629.24,Completed,28,42,79,60,Winter,2024,8,Q3
ORD_01518,2024-08-11,BUYER_019,Terry_Cloth,Knit,1392,4.66,6487.79,Completed,16,36,53,45,Autumn,2024,8,Q3
ORD_01519,2024-08-12,BUYER_006,Cotton_Polyester_Blend,Woven,5534,6.53,36160.0,Completed,25,37,61,45,Winter,2024,8,Q3
ORD_01520,2024-08-12,BUYER_002,Cotton_Twill,Woven,2780,6.85,19046.93,Completed,28,26,56,60,Summer,2024,8,Q3
ORD_01521,2024-08-12,BUYER_030,Linen,Woven,2000,11.29,22586.38,Completed,39,22,58,60,Summer,2024,8,Q3
ORD_01522,2024-08-12,BUYER_002,Viscose_Rayon,Woven,3420,6.54,22355.58,Completed,17,30,56,60,Autumn,2024,8,Q3
ORD_01523,2024-08-12,BUYER_009,Cotton_Denim,Woven,5576,7.68,42835.59,Completed,43,25,66,45,Autumn,2024,8,Q3
ORD_01524,2024-08-13,BUYER_012,Terry_Cloth,Knit,2295,4.51,10356.13,Completed,16,25,48,45,Winter,2024,8,Q3
ORD_01525,2024-08-14,BUYER_036,Silk_Blend,Woven,4973,14.74,73325.8,Shipped,30,34,60,90,Winter,2024,8,Q3
ORD_01526,2024-08-15,BUYER_023,Silk_Blend,Woven,1591,16.82,26764.94,Completed,30,32,71,30,Autumn,2024,8,Q3
ORD_01527,2024-08-15,BUYER_037,Linen,Woven,2607,10.07,26262.25,Completed,39,24,59,45,Spring,2024,8,Q3
ORD_01528,2024-08-15,BUYER_044,Cotton_Denim,Woven,4874,7.85,38256.47,Completed,43,20,66,30,Autumn,2024,8,Q3
ORD_01529,2024-08-15,BUYER_004,Viscose_Rayon,Woven,2695,7.69,20717.29,Completed,17,26,50,30,Summer,2024,8,Q3
ORD_01530,2024-08-16,BUYER_001,Polyester_Satin,Woven,13986,5.15,72024.1,On_Hold,41,25,62,45,Summer,2024,8,Q3
ORD_01531,2024-08-16,BUYER_007,Viscose_Rayon,Woven,1374,7.04,9668.8,Completed,17,34,46,60,Spring,2024,8,Q3
ORD_01532,2024-08-16,BUYER_028,Cotton_Twill,Woven,4681,7.0,32754.36,Completed,28,17,42,45,Autumn,2024,8,Q3
ORD_01533,2024-08-19,BUYER_003,Cotton_Polyester_Blend,Woven,2958,6.03,17836.35,Completed,25,24,50,90,Autumn,2024,8,Q3
ORD_01534,2024-08-20,BUYER_018,Silk_Blend,Woven,2537,15.13,38374.03,Completed,30,18,52,30,Summer,2024,8,Q3
ORD_01535,2024-08-20,BUYER_010,Terry_Cloth,Knit,7009,4.05,28356.6,Completed,16,39,51,60,Winter,2024,8,Q3
ORD_01536,2024-08-20,BUYER_040,Polyester_Plain,Woven,5000,3.62,18076.84,Cancelled,32,36,65,90,Spring,2024,8,Q3
ORD_01537,2024-08-21,BUYER_039,Linen,Woven,13941,11.3,157495.21,Shipped,39,27,71,60,Autumn,2024,8,Q3
ORD_01538,2024-08-21,BUYER_033,Viscose_Rayon,Woven,2867,7.45,21361.58,Completed,17,34,48,30,Winter,2024,8,Q3
ORD_01539,2024-08-21,BUYER_036,Cotton_Plain,Woven,3991,7.22,28834.55,Shipped,20,37,55,90,Summer,2024,8,Q3
ORD_01540,2024-08-21,BUYER_024,Linen,Woven,4578,10.94,50075.17,Completed,39,38,80,45,Winter,2024,8,Q3
ORD_01541,2024-08-22,BUYER_045,Polyester_Twill,Woven,5000,4.26,21286.55,Shipped,28,31,56,90,Summer,2024,8,Q3
ORD_01542,2024-08-22,BUYER_032,Polyester_Twill,Woven,13394,4.29,57480.28,Shipped,28,32,65,45,Autumn,2024,8,Q3
ORD_01543,2024-08-23,BUYER_033,Cotton_Polyester_Blend,Woven,511,6.16,3149.15,Completed,25,29,58,30,Autumn,2024,8,Q3
ORD_01544,2024-08-23,BUYER_034,Polyester_Twill,Woven,5000,4.64,23193.27,Completed,28,34,60,30,Winter,2024,8,Q3
ORD_01545,2024-08-23,BUYER_005,Linen,Woven,5657,11.0,62202.85,In_Production,39,21,55,45,Spring,2024,8,Q3
ORD_01546,2024-08-23,BUYER_028,Silk_Blend,Woven,3882,17.43,67681.27,Completed,30,15,42,45,Summer,2024,8,Q3
ORD_01547,2024-08-25,BUYER_006,Cotton_Denim,Woven,2951,9.05,26703.33,Completed,43,33,77,45,Summer,2024,8,Q3
ORD_01548,2024-08-26,BUYER_031,Cotton_Twill,Woven,4374,6.14,26864.69,Completed,28,34,64,30,Autumn,2024,8,Q3
ORD_01549,2024-08-26,BUYER_030,Terry_Cloth,Knit,2585,4.5,11638.11,Shipped,16,28,42,60,Summer,2024,8,Q3
ORD_01550,2024-08-26,BUYER_018,Fleece,Knit,2000,7.46,14922.92,Completed,39,27,62,30,Summer,2024,8,Q3
ORD_01551,2024-08-26,BUYER_024,Linen,Woven,3907,10.67,41704.18,Shipped,39,37,74,45,Winter,2024,8,Q3
ORD_01552,2024-08-27,BUYER_018,Cotton_Denim,Woven,2000,8.43,16860.83,Completed,43,17,65,30,Summer,2024,8,Q3
ORD_01553,2024-08-27,BUYER_037,Cotton_Denim,Woven,2000,7.66,15321.78,Completed,43,20,58,45,Spring,2024,8,Q3
ORD_01554,2024-08-27,BUYER_038,Fleece,Knit,2000,8.0,15994.77,Completed,39,23,68,30,Autumn,2024,8,Q3
ORD_01555,2024-08-28,BUYER_029,Polyester_Satin,Woven,5913,4.81,28468.07,Completed,41,35,71,45,Spring,2024,8,Q3
ORD_01556,2024-08-28,BUYER_020,Viscose_Rayon,Woven,2448,7.04,17230.88,Shipped,17,28,41,60,Summer,2024,8,Q3
ORD_01557,2024-08-28,BUYER_044,Fleece,Knit,3686,7.13,26295.35,Completed,39,22,56,30,Spring,2024,8,Q3
ORD_01558,2024-08-28,BUYER_018,Silk_Blend,Woven,1315,16.82,22119.15,Completed,30,22,51,30,Summer,2024,8,Q3
ORD_01559,2024-08-29,BUYER_038,Polyester_Satin,Woven,1000,5.43,5429.11,Completed,41,24,74,30,Winter,2024,8,Q3
ORD_01560,2024-08-29,BUYER_040,Terry_Cloth,Knit,4411,4.54,20046.0,Completed,16,28,46,90,Spring,2024,8,Q3
ORD_01561,2024-08-30,BUYER_037,Fleece,Knit,2255,7.13,16068.03,Shipped,39,29,65,45,Winter,2024,8,Q3
ORD_01562,2024-08-31,BUYER_002,Terry_Cloth,Knit,2033,4.76,9667.87,Completed,16,36,58,60,Spring,2024,8,Q3
ORD_01563,2024-09-02,BUYER_015,Polyester_Twill,Woven,5000,4.57,22828.19,Shipped,28,31,63,45,Spring,2024,9,Q3
ORD_01564,2024-09-02,BUYER_045,Cotton_Denim,Woven,2080,8.24,17129.65,Shipped,43,26,76,90,Winter,2024,9,Q3
ORD_01565,2024-09-02,BUYER_019,Silk_Blend,Woven,1810,17.58,31811.1,Completed,30,27,58,45,Summer,2024,9,Q3
ORD_01566,2024-09-02,BUYER_019,Cotton_Twill,Woven,1832,7.25,13278.68,Completed,28,37,70,45,Summer,2024,9,Q3
ORD_01567,2024-09-02,BUYER_013,Cotton_Plain,Woven,4969,6.86,34108.35,Completed,20,31,47,30,Summer,2024,9,Q3
ORD_01568,2024-09-03,BUYER_033,Silk_Blend,Woven,2672,17.36,46376.76,Completed,30,32,63,30,Autumn,2024,9,Q3
ORD_01569,2024-09-04,BUYER_036,Cotton_Denim,Woven,2000,8.07,16131.83,Completed,43,35,84,90,Summer,2024,9,Q3
ORD_01570,2024-09-04,BUYER_018,Fleece,Knit,2353,7.45,17536.9,Completed,39,23,71,30,Summer,2024,9,Q3
ORD_01571,2024-09-04,BUYER_004,Linen,Woven,2762,12.19,33659.98,Shipped,39,35,69,30,Winter,2024,9,Q3
ORD_01572,2024-09-04,BUYER_011,Silk_Blend,Woven,1104,16.32,18012.07,Completed,30,31,63,45,Summer,2024,9,Q3
ORD_01573,2024-09-04,BUYER_044,Cotton_Denim,Woven,4108,8.77,36028.49,Completed,43,29,69,30,Spring,2024,9,Q3
ORD_01574,2024-09-05,BUYER_015,Cotton_Plain,Woven,2449,7.66,18768.19,Completed,20,36,61,45,Spring,2024,9,Q3
ORD_01575,2024-09-05,BUYER_032,Cotton_Twill,Woven,8178,7.3,59738.98,Completed,28,36,63,45,Spring,2024,9,Q3
ORD_01576,2024-09-05,BUYER_017,Linen,Woven,3772,10.98,41418.63,Completed,39,46,87,45,Summer,2024,9,Q3
ORD_01577,2024-09-05,BUYER_036,Cotton_Twill,Woven,2692,7.52,20252.67,Completed,28,38,74,90,Winter,2024,9,Q3
ORD_01578,2024-09-06,BUYER_040,Viscose_Rayon,Woven,5096,8.44,42987.84,Completed,17,37,61,90,Summer,2024,9,Q3
ORD_01579,2024-09-06,BUYER_003,Viscose_Rayon,Woven,2808,7.75,21748.19,Completed,17,17,32,90,Autumn,2024,9,Q3
ORD_01580,2024-09-06,BUYER_036,Cotton_Denim,Woven,2059,8.43,17354.19,Completed,43,26,77,90,Spring,2024,9,Q3
ORD_01581,2024-09-06,BUYER_014,Terry_Cloth,Knit,1373,4.9,6733.97,Completed,16,15,39,30,Spring,2024,9,Q3
ORD_01582,2024-09-06,BUYER_031,Viscose_Rayon,Woven,2977,8.32,24764.6,Completed,17,32,57,30,Winter,2024,9,Q3
ORD_01583,2024-09-06,BUYER_016,Linen,Woven,2000,12.19,24376.03,Completed,39,15,53,30,Winter,2024,9,Q3
ORD_01584,2024-09-06,BUYER_029,Fleece,Knit,2932,7.71,22610.24,Completed,39,31,66,45,Winter,2024,9,Q3
ORD_01585,2024-09-07,BUYER_017,Terry_Cloth,Knit,1807,4.99,9017.97,Completed,16,47,63,45,Autumn,2024,9,Q3
ORD_01586,2024-09-07,BUYER_013,Linen,Woven,4604,11.55,53184.96,Shipped,39,36,84,30,Spring,2024,9,Q3
ORD_01587,2024-09-09,BUYER_026,Cotton_Denim,Woven,2800,8.45,23666.76,Completed,43,38,90,45,Autumn,2024,9,Q3
ORD_01588,2024-09-09,BUYER_039,Linen,Woven,3306,11.89,39323.51,Completed,39,27,66,60,Summer,2024,9,Q3
ORD_01589,2024-09-09,BUYER_031,Cotton_Denim,Woven,2000,8.43,16858.64,Completed,43,33,76,30,Spring,2024,9,Q3
ORD_01590,2024-09-09,BUYER_004,Polyester_Twill,Woven,5000,4.75,23759.55,Completed,28,27,53,30,Summer,2024,9,Q3
ORD_01591,2024-09-09,BUYER_043,Cotton_Plain,Woven,583,7.54,4393.59,Shipped,20,31,55,90,Autumn,2024,9,Q3
ORD_01592,2024-09-10,BUYER_019,Polyester_Plain,Woven,5000,3.54,17698.99,Completed,32,36,76,45,Winter,2024,9,Q3
ORD_01593,2024-09-10,BUYER_012,Silk_Blend,Woven,3681,17.22,63388.76,Completed,30,29,67,45,Autumn,2024,9,Q3
ORD_01594,2024-09-10,BUYER_028,Cotton_Denim,Woven,2072,9.39,19453.8,Completed,43,27,79,45,Autumn,2024,9,Q3
ORD_01595,2024-09-10,BUYER_037,Terry_Cloth,Knit,3850,4.43,17071.15,Completed,16,21,45,45,Winter,2024,9,Q3
ORD_01596,2024-09-11,BUYER_037,Terry_Cloth,Knit,2560,5.09,13018.25,Shipped,16,21,38,45,Winter,2024,9,Q3
ORD_01597,2024-09-11,BUYER_018,Linen,Woven,2514,12.11,30435.3,Completed,39,18,57,30,Autumn,2024,9,Q3
ORD_01598,2024-09-12,BUYER_025,Polyester_Twill,Woven,5589,4.46,24936.48,Completed,28,26,56,30,Winter,2024,9,Q3
ORD_01599,2024-09-12,BUYER_029,Cotton_Twill,Woven,3753,6.74,25279.06,Completed,28,29,60,45,Spring,2024,9,Q3
ORD_01600,2024-09-13,BUYER_014,Silk_Blend,Woven,2736,17.2,47068.06,Completed,30,24,53,30,Autumn,2024,9,Q3
ORD_01601,2024-09-13,BUYER_018,Polyester_Satin,Woven,2993,5.93,17755.5,Completed,41,25,63,30,Winter,2024,9,Q3
ORD_01602,2024-09-14,BUYER_002,Cotton_Twill,Woven,5769,6.59,38024.92,Completed,28,37,64,60,Winter,2024,9,Q3
ORD_01603,2024-09-14,BUYER_003,Cotton_Denim,Woven,2000,8.17,16348.43,Completed,43,20,64,90,Spring,2024,9,Q3
ORD_01604,2024-09-15,BUYER_037,Cotton_Plain,Woven,5734,7.21,41337.54,Completed,20,21,48,45,Winter,2024,9,Q3
ORD_01605,2024-09-15,BUYER_031,Fleece,Knit,2434,7.18,17478.69,Completed,39,34,78,30,Summer,2024,9,Q3
ORD_01606,2024-09-16,BUYER_029,Polyester_Twill,Woven,5000,4.53,22671.96,Completed,28,29,57,45,Winter,2024,9,Q3
ORD_01607,2024-09-16,BUYER_001,Viscose_Rayon,Woven,4773,7.24,34535.44,Completed,17,32,47,45,Winter,2024,9,Q3
ORD_01608,2024-09-16,BUYER_005,Silk_Blend,Woven,1758,18.67,32816.44,Shipped,30,21,54,45,Summer,2024,9,Q3
ORD_01609,2024-09-17,BUYER_019,Cotton_Twill,Woven,2426,6.61,16026.41,Completed,28,32,63,45,Summer,2024,9,Q3
ORD_01610,2024-09-17,BUYER_018,Polyester_Plain,Woven,5000,3.92,19609.24,Completed,32,18,51,30,Winter,2024,9,Q3
ORD_01611,2024-09-17,BUYER_003,Cotton_Twill,Woven,2609,7.61,19844.19,Completed,28,17,44,90,Spring,2024,9,Q3
ORD_01612,2024-09-17,BUYER_039,Polyester_Plain,Woven,5000,3.8,18997.95,Cancelled,32,20,49,60,Winter,2024,9,Q3
ORD_01613,2024-09-18,BUYER_003,Cotton_Twill,Woven,2533,6.95,17607.78,Completed,28,24,53,90,Spring,2024,9,Q3
ORD_01614,2024-09-18,BUYER_031,Terry_Cloth,Knit,4025,4.47,17979.95,Completed,16,38,53,30,Spring,2024,9,Q3
ORD_01615,2024-09-18,BUYER_028,Viscose_Rayon,Woven,1468,8.06,11829.83,Completed,17,27,43,45,Spring,2024,9,Q3
ORD_01616,2024-09-18,BUYER_023,Cotton_Plain,Woven,2712,7.81,21180.95,Completed,20,45,69,30,Summer,2024,9,Q3
ORD_01617,2024-09-18,BUYER_007,Cotton_Twill,Woven,905,6.79,6145.9,Completed,28,35,63,60,Winter,2024,9,Q3
ORD_01618,2024-09-19,BUYER_034,Silk_Blend,Woven,1000,16.3,16300.66,Shipped,30,36,61,30,Autumn,2024,9,Q3
ORD_01619,2024-09-19,BUYER_004,Polyester_Twill,Woven,5000,5.06,25283.42,Shipped,28,33,56,30,Winter,2024,9,Q3
ORD_01620,2024-09-19,BUYER_040,Cotton_Twill,Woven,4790,7.7,36873.52,Completed,28,38,61,90,Spring,2024,9,Q3
ORD_01621,2024-09-19,BUYER_016,Polyester_Satin,Woven,1555,5.94,9242.93,In_Production,41,21,62,30,Winter,2024,9,Q3
ORD_01622,2024-09-20,BUYER_008,Polyester_Satin,Woven,5730,5.44,31157.47,Completed,41,32,75,45,Spring,2024,9,Q3
ORD_01623,2024-09-20,BUYER_034,Fleece,Knit,2000,8.21,16429.86,Completed,39,41,75,30,Spring,2024,9,Q3
ORD_01624,2024-09-22,BUYER_003,Polyester_Plain,Woven,5000,3.46,17288.53,Completed,32,18,51,90,Summer,2024,9,Q3
ORD_01625,2024-09-23,BUYER_042,Cotton_Twill,Woven,2037,7.67,15623.07,Completed,28,22,57,30,Summer,2024,9,Q3
ORD_01626,2024-09-24,BUYER_009,Polyester_Plain,Woven,5000,3.51,17538.24,Completed,32,29,68,45,Summer,2024,9,Q3
ORD_01627,2024-09-24,BUYER_033,Cotton_Denim,Woven,2000,8.96,17927.4,Completed,43,25,72,30,Spring,2024,9,Q3
ORD_01628,2024-09-24,BUYER_043,Linen,Woven,2605,12.02,31299.93,Completed,39,25,72,90,Autumn,2024,9,Q3
ORD_01629,2024-09-24,BUYER_006,Cotton_Twill,Woven,3140,7.54,23670.42,Completed,28,30,66,45,Autumn,2024,9,Q3
ORD_01630,2024-09-25,BUYER_010,Silk_Blend,Woven,3538,16.16,57189.37,Completed,30,39,71,60,Spring,2024,9,Q3
ORD_01631,2024-09-26,BUYER_044,Cotton_Twill,Woven,5886,7.11,41837.74,Completed,28,17,40,30,Summer,2024,9,Q3
ORD_01632,2024-09-26,BUYER_023,Polyester_Twill,Woven,5000,4.89,24462.63,Completed,28,35,70,30,Summer,2024,9,Q3
ORD_01633,2024-09-26,BUYER_011,Silk_Blend,Woven,2060,18.66,38435.82,Completed,30,31,62,45,Summer,2024,9,Q3
ORD_01634,2024-09-26,BUYER_043,Viscose_Rayon,Woven,1367,8.13,11115.57,Completed,17,29,45,90,Autumn,2024,9,Q3
ORD_01635,2024-09-26,BUYER_024,Viscose_Rayon,Woven,1089,7.78,8474.61,Completed,17,34,49,45,Autumn,2024,9,Q3
ORD_01636,2024-09-26,BUYER_027,Polyester_Plain,Woven,5062,3.61,18293.89,Completed,32,30,62,45,Winter,2024,9,Q3
ORD_01637,2024-09-26,BUYER_015,Polyester_Twill,Woven,5000,4.52,22587.49,Completed,28,32,63,45,Summer,2024,9,Q3
ORD_01638,2024-09-27,BUYER_030,Polyester_Plain,Woven,5000,3.74,18686.97,Completed,32,26,60,60,Summer,2024,9,Q3
ORD_01639,2024-09-27,BUYER_032,Polyester_Plain,Woven,5480,3.47,19021.3,Shipped,32,30,59,45,Summer,2024,9,Q3
ORD_01640,2024-09-27,BUYER_004,Polyester_Twill,Woven,5000,5.01,25072.54,Shipped,28,36,61,30,Winter,2024,9,Q3
ORD_01641,2024-09-27,BUYER_005,Polyester_Satin,Woven,2405,5.88,14135.75,Completed,41,19,56,45,Winter,2024,9,Q3
ORD_01642,2024-09-27,BUYER_043,Fleece,Knit,2000,7.47,14936.47,Completed,39,25,62,90,Autumn,2024,9,Q3
ORD_01643,2024-09-28,BUYER_043,Linen,Woven,2000,11.26,22512.1,Shipped,39,32,78,90,Spring,2024,9,Q3
ORD_01644,2024-09-28,BUYER_026,Cotton_Plain,Woven,5220,6.82,35585.96,Completed,20,28,50,45,Summer,2024,9,Q3
ORD_01645,2024-10-01,BUYER_025,Polyester_Satin,Woven,1489,5.2,7736.76,Completed,41,36,74,30,Autumn,2024,10,Q4
ORD_01646,2024-10-01,BUYER_001,Linen,Woven,7148,11.57,82712.07,Shipped,39,32,72,45,Summer,2024,10,Q4
ORD_01647,2024-10-01,BUYER_040,Terry_Cloth,Knit,2087,4.5,9399.97,Completed,16,29,50,90,Winter,2024,10,Q4
ORD_01648,2024-10-02,BUYER_005,Cotton_Plain,Woven,2338,7.61,17795.53,Completed,20,21,41,45,Autumn,2024,10,Q4
ORD_01649,2024-10-02,BUYER_018,Polyester_Twill,Woven,5000,4.42,22118.8,In_Production,28,26,61,30,Autumn,2024,10,Q4
ORD_01650,2024-10-02,BUYER_040,Terry_Cloth,Knit,3117,4.71,14677.83,Completed,16,25,42,90,Summer,2024,10,Q4
ORD_01651,2024-10-02,BUYER_038,Polyester_Twill,Woven,5000,4.64,23188.06,Shipped,28,23,59,30,Winter,2024,10,Q4
ORD_01652,2024-10-02,BUYER_020,Fleece,Knit,3771,8.24,31089.97,Completed,39,31,70,60,Spring,2024,10,Q4
ORD_01653,2024-10-02,BUYER_028,Polyester_Plain,Woven,5000,3.87,19371.71,Completed,32,17,44,45,Winter,2024,10,Q4
ORD_01654,2024-10-02,BUYER_004,Polyester_Twill,Woven,5041,4.98,25128.26,In_Production,28,28,64,30,Winter,2024,10,Q4
ORD_01655,2024-10-02,BUYER_032,Silk_Blend,Woven,7734,16.63,128589.06,Completed,30,39,75,45,Summer,2024,10,Q4
ORD_01656,2024-10-02,BUYER_007,Polyester_Plain,Woven,5000,3.56,17789.73,Shipped,32,46,86,60,Spring,2024,10,Q4
ORD_01657,2024-10-03,BUYER_018,Cotton_Plain,Woven,2375,7.04,16731.48,Completed,20,25,46,30,Spring,2024,10,Q4
ORD_01658,2024-10-03,BUYER_018,Cotton_Plain,Woven,1246,7.38,9200.06,Completed,20,25,45,30,Summer,2024,10,Q4
ORD_01659,2024-10-03,BUYER_044,Viscose_Rayon,Woven,3825,8.05,30796.87,Completed,17,21,33,30,Winter,2024,10,Q4
ORD_01660,2024-10-04,BUYER_023,Linen,Woven,2000,11.27,22548.95,Completed,39,34,73,30,Summer,2024,10,Q4
ORD_01661,2024-10-04,BUYER_025,Cotton_Polyester_Blend,Woven,4732,6.61,31285.02,Completed,25,38,59,30,Summer,2024,10,Q4
ORD_01662,2024-10-04,BUYER_008,Cotton_Twill,Woven,5297,7.59,40217.24,Completed,28,36,60,45,Spring,2024,10,Q4
ORD_01663,2024-10-05,BUYER_019,Polyester_Twill,Woven,5000,4.99,24953.62,Shipped,28,30,59,45,Spring,2024,10,Q4
ORD_01664,2024-10-07,BUYER_002,Fleece,Knit,2262,7.76,17552.04,Completed,39,25,61,60,Autumn,2024,10,Q4
ORD_01665,2024-10-07,BUYER_019,Cotton_Denim,Woven,2000,9.35,18703.7,Completed,43,27,78,45,Winter,2024,10,Q4
ORD_01666,2024-10-07,BUYER_004,Polyester_Plain,Woven,5135,3.93,20203.82,Completed,32,28,65,30,Summer,2024,10,Q4
ORD_01667,2024-10-07,BUYER_007,Cotton_Plain,Woven,2892,6.77,19591.0,Completed,20,40,64,60,Autumn,2024,10,Q4
ORD_01668,2024-10-07,BUYER_014,Cotton_Polyester_Blend,Woven,579,6.86,3970.27,Completed,25,19,44,30,Summer,2024,10,Q4
ORD_01669,2024-10-07,BUYER_009,Cotton_Polyester_Blend,Woven,5512,6.75,37225.23,Shipped,25,25,50,45,Autumn,2024,10,Q4
ORD_01670,2024-10-07,BUYER_022,Cotton_Plain,Woven,721,7.38,5318.07,Completed,20,35,62,45,Summer,2024,10,Q4
ORD_01671,2024-10-08,BUYER_007,Polyester_Twill,Woven,5000,4.97,24868.03,Completed,28,46,71,60,Spring,2024,10,Q4
ORD_01672,2024-10-08,BUYER_035,Linen,Woven,3736,11.96,44692.21,Completed,39,18,66,60,Winter,2024,10,Q4
ORD_01673,2024-10-08,BUYER_044,Polyester_Twill,Woven,5871,5.08,29824.75,Completed,28,26,52,30,Autumn,2024,10,Q4
ORD_01674,2024-10-08,BUYER_010,Silk_Blend,Woven,8871,16.18,143539.16,Completed,30,33,59,60,Autumn,2024,10,Q4
ORD_01675,2024-10-08,BUYER_003,Silk_Blend,Woven,1000,16.87,16870.45,Completed,30,18,48,90,Spring,2024,10,Q4
ORD_01676,2024-10-08,BUYER_023,Fleece,Knit,2000,8.14,16289.53,Shipped,39,35,73,30,Spring,2024,10,Q4
ORD_01677,2024-10-09,BUYER_014,Cotton_Twill,Woven,1437,7.32,10525.41,Completed,28,20,55,30,Winter,2024,10,Q4
ORD_01678,2024-10-09,BUYER_045,Polyester_Satin,Woven,2300,5.09,11709.77,Completed,41,35,79,90,Autumn,2024,10,Q4
ORD_01679,2024-10-10,BUYER_029,Cotton_Twill,Woven,3016,7.31,22048.76,Completed,28,39,71,45,Spring,2024,10,Q4
ORD_01680,2024-10-10,BUYER_008,Cotton_Twill,Woven,3036,7.42,22527.88,Completed,28,39,74,45,Spring,2024,10,Q4
ORD_01681,2024-10-10,BUYER_013,Terry_Cloth,Knit,1473,4.62,6808.96,Completed,16,38,57,30,Summer,2024,10,Q4
ORD_01682,2024-10-11,BUYER_006,Polyester_Twill,Woven,5000,4.64,23198.97,Completed,28,28,55,45,Spring,2024,10,Q4
ORD_01683,2024-10-11,BUYER_045,Viscose_Rayon,Woven,1000,8.27,8274.84,Completed,17,31,49,90,Winter,2024,10,Q4
ORD_01684,2024-10-11,BUYER_037,Terry_Cloth,Knit,5721,4.92,28139.41,Completed,16,27,46,45,Winter,2024,10,Q4
ORD_01685,2024-10-13,BUYER_035,Cotton_Twill,Woven,4613,7.09,32701.31,Completed,28,27,50,60,Autumn,2024,10,Q4
ORD_01686,2024-10-14,BUYER_045,Cotton_Plain,Woven,1074,7.42,7970.8,Completed,20,38,58,90,Autumn,2024,10,Q4
ORD_01687,2024-10-14,BUYER_023,Polyester_Satin,Woven,2262,5.89,13325.4,Completed,41,34,74,30,Winter,2024,10,Q4
ORD_01688,2024-10-14,BUYER_020,Fleece,Knit,5174,7.91,40931.74,Completed,39,36,81,60,Summer,2024,10,Q4
ORD_01689,2024-10-15,BUYER_021,Polyester_Twill,Woven,5477,4.59,25116.47,Completed,28,31,66,90,Spring,2024,10,Q4
ORD_01690,2024-10-15,BUYER_044,Cotton_Twill,Woven,2761,7.39,20414.1,Completed,28,16,40,30,Summer,2024,10,Q4
ORD_01691,2024-10-15,BUYER_026,Cotton_Denim,Woven,4330,9.15,39608.74,Completed,43,30,74,45,Autumn,2024,10,Q4
ORD_01692,2024-10-15,BUYER_035,Polyester_Plain,Woven,5000,3.73,18646.87,Completed,32,27,64,60,Autumn,2024,10,Q4
ORD_01693,2024-10-15,BUYER_016,Terry_Cloth,Knit,1996,4.93,9839.51,Completed,16,15,34,30,Summer,2024,10,Q4
ORD_01694,2024-10-15,BUYER_040,Terry_Cloth,Knit,2780,4.57,12712.26,Completed,16,29,51,90,Winter,2024,10,Q4
ORD_01695,2024-10-15,BUYER_015,Viscose_Rayon,Woven,2971,8.13,24157.84,Completed,17,25,41,45,Winter,2024,10,Q4
ORD_01696,2024-10-15,BUYER_043,Silk_Blend,Woven,2629,16.92,44470.68,Completed,30,35,74,90,Autumn,2024,10,Q4
ORD_01697,2024-10-16,BUYER_038,Fleece,Knit,2000,7.22,14432.91,Completed,39,27,61,30,Autumn,2024,10,Q4
ORD_01698,2024-10-16,BUYER_025,Cotton_Denim,Woven,3858,8.09,31220.43,Completed,43,27,77,30,Summer,2024,10,Q4
ORD_01699,2024-10-17,BUYER_010,Cotton_Plain,Woven,8895,7.32,65072.69,Completed,20,28,52,60,Autumn,2024,10,Q4
ORD_01700,2024-10-18,BUYER_027,Linen,Woven,4462,12.4,55328.65,Completed,39,27,62,45,Winter,2024,10,Q4
ORD_01701,2024-10-20,BUYER_002,Viscose_Rayon,Woven,1735,7.55,13106.86,Completed,17,33,49,60,Spring,2024,10,Q4
ORD_01702,2024-10-21,BUYER_029,Polyester_Plain,Woven,5000,3.65,18252.51,Completed,32,27,60,45,Winter,2024,10,Q4
ORD_01703,2024-10-21,BUYER_032,Polyester_Satin,Woven,6186,5.85,36213.6,Completed,41,36,73,45,Autumn,2024,10,Q4
ORD_01704,2024-10-21,BUYER_002,Cotton_Twill,Woven,1748,6.97,12185.2,Completed,28,27,56,60,Summer,2024,10,Q4
ORD_01705,2024-10-21,BUYER_010,Polyester_Satin,Woven,2369,5.13,12143.29,Shipped,41,32,69,60,Winter,2024,10,Q4
ORD_01706,2024-10-22,BUYER_041,Cotton_Plain,Woven,2638,7.48,19735.98,Completed,20,18,36,45,Autumn,2024,10,Q4
ORD_01707,2024-10-22,BUYER_021,Cotton_Denim,Woven,5176,9.08,47006.77,Shipped,43,36,83,90,Spring,2024,10,Q4
ORD_01708,2024-10-22,BUYER_009,Polyester_Twill,Woven,5000,4.43,22141.22,In_Production,28,37,66,45,Spring,2024,10,Q4
ORD_01709,2024-10-22,BUYER_035,Terry_Cloth,Knit,3795,4.89,18555.76,Shipped,16,19,41,60,Summer,2024,10,Q4
ORD_01710,2024-10-23,BUYER_039,Cotton_Twill,Woven,2845,7.71,21932.97,Completed,28,21,45,60,Winter,2024,10,Q4
ORD_01711,2024-10-23,BUYER_042,Linen,Woven,2000,12.48,24957.3,Completed,39,28,64,30,Winter,2024,10,Q4
ORD_01712,2024-10-23,BUYER_029,Cotton_Plain,Woven,2269,6.74,15290.52,Completed,20,30,52,45,Autumn,2024,10,Q4
ORD_01713,2024-10-23,BUYER_019,Polyester_Satin,Woven,1353,5.6,7578.26,Completed,41,37,74,45,Autumn,2024,10,Q4
ORD_01714,2024-10-23,BUYER_028,Fleece,Knit,5257,8.21,43158.06,Completed,39,18,58,45,Summer,2024,10,Q4
ORD_01715,2024-10-23,BUYER_010,Fleece,Knit,8036,8.19,65804.96,Completed,39,26,62,60,Summer,2024,10,Q4
ORD_01716,2024-10-23,BUYER_040,Cotton_Polyester_Blend,Woven,4301,7.0,30128.43,Completed,25,28,51,90,Winter,2024,10,Q4
ORD_01717,2024-10-24,BUYER_019,Cotton_Denim,Woven,3847,8.18,31452.17,In_Production,43,31,70,45,Autumn,2024,10,Q4
ORD_01718,2024-10-24,BUYER_024,Polyester_Twill,Woven,5000,4.92,24615.98,Shipped,28,25,60,45,Winter,2024,10,Q4
ORD_01719,2024-10-25,BUYER_043,Terry_Cloth,Knit,2580,4.41,11376.66,Completed,16,27,50,90,Winter,2024,10,Q4
ORD_01720,2024-10-25,BUYER_003,Fleece,Knit,2000,7.34,14689.13,Completed,39,29,74,90,Autumn,2024,10,Q4
ORD_01721,2024-10-25,BUYER_018,Silk_Blend,Woven,1746,18.65,32562.0,Completed,30,16,45,30,Autumn,2024,10,Q4
ORD_01722,2024-10-26,BUYER_008,Fleece,Knit,5255,7.29,38320.44,Completed,39,32,75,45,Autumn,2024,10,Q4
ORD_01723,2024-10-26,BUYER_004,Cotton_Twill,Woven,5242,6.77,35493.38,Completed,28,36,73,30,Spring,2024,10,Q4
ORD_01724,2024-10-27,BUYER_027,Cotton_Plain,Woven,2509,6.97,17485.45,Completed,20,27,51,45,Winter,2024,10,Q4
ORD_01725,2024-10-27,BUYER_020,Cotton_Twill,Woven,3556,6.61,23505.8,Completed,28,27,50,60,Spring,2024,10,Q4
ORD_01726,2024-10-28,BUYER_043,Viscose_Rayon,Woven,2109,8.2,17295.37,Shipped,17,28,44,90,Spring,2024,10,Q4
ORD_01727,2024-10-28,BUYER_033,Cotton_Twill,Woven,1157,7.3,8442.79,Completed,28,27,59,30,Spring,2024,10,Q4
ORD_01728,2024-10-28,BUYER_007,Polyester_Satin,Woven,2076,5.26,10914.83,Completed,41,46,89,60,Summer,2024,10,Q4
ORD_01729,2024-10-28,BUYER_039,Terry_Cloth,Knit,7334,4.53,33246.64,Shipped,16,28,50,60,Autumn,2024,10,Q4
ORD_01730,2024-10-28,BUYER_010,Terry_Cloth,Knit,12518,4.59,57516.86,Completed,16,33,51,60,Winter,2024,10,Q4
ORD_01731,2024-10-29,BUYER_019,Cotton_Denim,Woven,2606,9.02,23511.66,Completed,43,33,77,45,Spring,2024,10,Q4
ORD_01732,2024-10-29,BUYER_044,Cotton_Plain,Woven,4527,6.68,30240.27,Completed,20,25,42,30,Spring,2024,10,Q4
ORD_01733,2024-10-29,BUYER_015,Silk_Blend,Woven,2776,18.44,51190.85,Completed,30,30,65,45,Autumn,2024,10,Q4
ORD_01734,2024-10-29,BUYER_042,Cotton_Plain,Woven,5748,6.84,39305.97,Completed,20,19,43,30,Summer,2024,10,Q4
ORD_01735,2024-10-29,BUYER_035,Cotton_Plain,Woven,4223,7.77,32801.84,Completed,20,22,42,60,Summer,2024,10,Q4
ORD_01736,2024-10-30,BUYER_015,Cotton_Plain,Woven,2899,6.82,19785.41,Completed,20,34,57,45,Spring,2024,10,Q4
ORD_01737,2024-10-30,BUYER_006,Silk_Blend,Woven,5964,17.41,103853.23,Completed,30,37,74,45,Spring,2024,10,Q4
ORD_01738,2024-10-30,BUYER_031,Silk_Blend,Woven,5921,17.68,104692.5,Completed,30,32,66,30,Summer,2024,10,Q4
ORD_01739,2024-10-31,BUYER_009,Linen,Woven,2216,12.1,26824.64,Completed,39,27,67,45,Winter,2024,10,Q4
ORD_01740,2024-10-31,BUYER_003,Cotton_Twill,Woven,2800,7.1,19875.15,Completed,28,23,50,90,Summer,2024,10,Q4
ORD_01741,2024-10-31,BUYER_040,Fleece,Knit,4718,7.11,33556.89,Completed,39,33,75,90,Spring,2024,10,Q4
ORD_01742,2024-11-01,BUYER_015,Polyester_Satin,Woven,1555,6.39,9936.06,Completed,41,38,86,45,Winter,2024,11,Q4
ORD_01743,2024-11-01,BUYER_015,Cotton_Denim,Woven,2762,10.03,27715.7,On_Hold,43,37,87,45,Summer,2024,11,Q4
ORD_01744,2024-11-01,BUYER_041,Silk_Blend,Woven,4749,20.0,94994.98,Completed,30,23,60,45,Summer,2024,11,Q4
ORD_01745,2024-11-01,BUYER_017,Cotton_Polyester_Blend,Woven,1110,7.58,8414.78,Completed,25,37,58,45,Winter,2024,11,Q4
ORD_01746,2024-11-01,BUYER_036,Polyester_Satin,Woven,2548,5.55,14133.75,Shipped,41,33,82,90,Spring,2024,11,Q4
ORD_01747,2024-11-03,BUYER_027,Silk_Blend,Woven,2365,18.08,42751.86,Completed,30,34,63,45,Summer,2024,11,Q4
ORD_01748,2024-11-04,BUYER_005,Cotton_Plain,Woven,2241,8.44,18922.25,Completed,20,24,39,45,Autumn,2024,11,Q4
ORD_01749,2024-11-04,BUYER_015,Silk_Blend,Woven,2625,18.1,47515.43,Completed,30,33,69,45,Winter,2024,11,Q4
ORD_01750,2024-11-04,BUYER_037,Fleece,Knit,3067,8.18,25095.62,Completed,39,20,67,45,Summer,2024,11,Q4
ORD_01751,2024-11-04,BUYER_016,Terry_Cloth,Knit,1000,5.43,5427.84,Completed,16,16,29,30,Summer,2024,11,Q4
ORD_01752,2024-11-05,BUYER_026,Silk_Blend,Woven,3463,17.12,59294.77,Completed,30,32,68,45,Autumn,2024,11,Q4
ORD_01753,2024-11-06,BUYER_018,Cotton_Denim,Woven,2000,10.24,20485.39,Completed,43,25,73,30,Spring,2024,11,Q4
ORD_01754,2024-11-06,BUYER_021,Cotton_Twill,Woven,3533,7.8,27554.03,Completed,28,38,61,90,Spring,2024,11,Q4
ORD_01755,2024-11-06,BUYER_042,Linen,Woven,4929,13.21,65110.39,On_Hold,39,23,68,30,Spring,2024,11,Q4
ORD_01756,2024-11-06,BUYER_016,Polyester_Satin,Woven,2038,5.51,11238.57,Shipped,41,29,70,30,Autumn,2024,11,Q4
ORD_01757,2024-11-07,BUYER_040,Viscose_Rayon,Woven,5297,8.56,45338.46,Completed,17,39,51,90,Summer,2024,11,Q4
ORD_01758,2024-11-07,BUYER_039,Terry_Cloth,Knit,2829,4.8,13580.61,Shipped,16,25,45,60,Winter,2024,11,Q4
ORD_01759,2024-11-07,BUYER_001,Viscose_Rayon,Woven,9160,8.82,80788.4,Shipped,17,36,61,45,Winter,2024,11,Q4
ORD_01760,2024-11-08,BUYER_010,Terry_Cloth,Knit,9233,5.08,46911.05,Completed,16,31,50,60,Autumn,2024,11,Q4
ORD_01761,2024-11-08,BUYER_022,Silk_Blend,Woven,1000,19.55,19547.45,Completed,30,38,70,45,Autumn,2024,11,Q4
ORD_01762,2024-11-08,BUYER_039,Fleece,Knit,8867,8.95,79361.76,Completed,39,19,64,60,Spring,2024,11,Q4
ORD_01763,2024-11-08,BUYER_034,Polyester_Twill,Woven,5000,4.72,23620.88,Shipped,28,30,58,30,Winter,2024,11,Q4
ORD_01764,2024-11-08,BUYER_033,Polyester_Satin,Woven,2421,5.98,14476.5,Completed,41,30,66,30,Summer,2024,11,Q4
ORD_01765,2024-11-08,BUYER_020,Cotton_Denim,Woven,3965,9.02,35783.62,Completed,43,26,68,60,Autumn,2024,11,Q4
ORD_01766,2024-11-08,BUYER_033,Cotton_Plain,Woven,2847,8.62,24544.0,Completed,20,28,53,30,Summer,2024,11,Q4
ORD_01767,2024-11-09,BUYER_003,Cotton_Denim,Woven,2000,8.9,17799.68,Completed,43,16,59,90,Autumn,2024,11,Q4
ORD_01768,2024-11-10,BUYER_015,Terry_Cloth,Knit,1000,5.4,5396.15,Completed,16,37,59,45,Spring,2024,11,Q4
ORD_01769,2024-11-11,BUYER_020,Cotton_Plain,Woven,3160,8.38,26478.49,Completed,20,27,42,60,Autumn,2024,11,Q4
ORD_01770,2024-11-11,BUYER_026,Cotton_Polyester_Blend,Woven,2004,7.65,15331.74,Completed,25,33,59,45,Summer,2024,11,Q4
ORD_01771,2024-11-11,BUYER_028,Linen,Woven,2000,12.41,24817.64,Shipped,39,29,75,45,Autumn,2024,11,Q4
ORD_01772,2024-11-12,BUYER_031,Cotton_Polyester_Blend,Woven,2296,7.98,18319.77,Completed,25,29,50,30,Spring,2024,11,Q4
ORD_01773,2024-11-12,BUYER_014,Cotton_Twill,Woven,1712,8.42,14418.36,Completed,28,26,52,30,Spring,2024,11,Q4
ORD_01774,2024-11-12,BUYER_026,Polyester_Plain,Woven,5000,4.16,20822.49,Completed,32,34,72,45,Summer,2024,11,Q4
ORD_01775,2024-11-12,BUYER_041,Polyester_Plain,Woven,5157,4.15,21382.24,Completed,32,22,52,45,Autumn,2024,11,Q4
ORD_01776,2024-11-13,BUYER_012,Viscose_Rayon,Woven,4527,9.04,40911.5,Completed,17,31,48,45,Summer,2024,11,Q4
ORD_01777,2024-11-14,BUYER_018,Polyester_Satin,Woven,1802,5.81,10470.13,Completed,41,23,72,30,Autumn,2024,11,Q4
ORD_01778,2024-11-14,BUYER_030,Cotton_Plain,Woven,5079,8.41,42735.46,Completed,20,16,44,60,Summer,2024,11,Q4
ORD_01779,2024-11-14,BUYER_026,Cotton_Polyester_Blend,Woven,3322,7.32,24322.49,Shipped,25,25,48,45,Spring,2024,11,Q4
ORD_01780,2024-11-14,BUYER_032,Cotton_Twill,Woven,13843,7.65,105936.89,Completed,28,33,66,45,Autumn,2024,11,Q4
ORD_01781,2024-11-15,BUYER_014,Terry_Cloth,Knit,2632,5.48,14428.18,Shipped,16,22,34,30,Summer,2024,11,Q4
ORD_01782,2024-11-15,BUYER_036,Cotton_Plain,Woven,4028,8.3,33434.41,Completed,20,38,63,90,Spring,2024,11,Q4
ORD_01783,2024-11-15,BUYER_034,Cotton_Twill,Woven,1679,7.79,13078.87,Completed,28,32,66,30,Summer,2024,11,Q4
ORD_01784,2024-11-15,BUYER_044,Fleece,Knit,2736,8.34,22813.1,Completed,39,20,59,30,Autumn,2024,11,Q4
ORD_01785,2024-11-16,BUYER_007,Viscose_Rayon,Woven,1157,9.19,10634.67,Shipped,17,49,69,60,Summer,2024,11,Q4
ORD_01786,2024-11-16,BUYER_026,Polyester_Twill,Woven,5336,5.15,27484.03,Shipped,28,35,70,45,Autumn,2024,11,Q4
ORD_01787,2024-11-18,BUYER_031,Cotton_Plain,Woven,2555,7.81,19953.41,Completed,20,31,48,30,Spring,2024,11,Q4
ORD_01788,2024-11-18,BUYER_016,Cotton_Polyester_Blend,Woven,2448,7.9,19328.26,Completed,25,21,48,30,Winter,2024,11,Q4
ORD_01789,2024-11-18,BUYER_011,Polyester_Twill,Woven,5000,5.12,25614.76,Completed,28,44,71,45,Winter,2024,11,Q4
ORD_01790,2024-11-19,BUYER_042,Silk_Blend,Woven,2974,18.04,53655.38,Completed,30,22,49,30,Autumn,2024,11,Q4
ORD_01791,2024-11-20,BUYER_013,Cotton_Denim,Woven,4082,9.38,38282.98,Shipped,43,30,78,30,Autumn,2024,11,Q4
ORD_01792,2024-11-20,BUYER_020,Cotton_Twill,Woven,1522,7.48,11380.59,Completed,28,31,64,60,Spring,2024,11,Q4
ORD_01793,2024-11-21,BUYER_003,Linen,Woven,2561,13.03,33382.03,Completed,39,15,55,90,Autumn,2024,11,Q4
ORD_01794,2024-11-21,BUYER_001,Cotton_Plain,Woven,12505,7.18,89792.43,Completed,20,27,55,45,Summer,2024,11,Q4
ORD_01795,2024-11-21,BUYER_001,Fleece,Knit,9463,8.54,80819.5,Completed,39,32,75,45,Winter,2024,11,Q4
ORD_01796,2024-11-21,BUYER_037,Cotton_Plain,Woven,4690,8.68,40721.73,Shipped,20,18,44,45,Winter,2024,11,Q4
ORD_01797,2024-11-22,BUYER_026,Terry_Cloth,Knit,4862,4.9,23827.65,Completed,16,25,38,45,Summer,2024,11,Q4
ORD_01798,2024-11-22,BUYER_014,Silk_Blend,Woven,1564,19.97,31238.04,Completed,30,29,65,30,Summer,2024,11,Q4
ORD_01799,2024-11-22,BUYER_041,Polyester_Twill,Woven,5000,5.19,25968.83,Shipped,28,15,42,45,Spring,2024,11,Q4
ORD_01800,2024-11-22,BUYER_026,Silk_Blend,Woven,4764,18.73,89226.0,Completed,30,32,62,45,Winter,2024,11,Q4
ORD_01801,2024-11-24,BUYER_004,Polyester_Twill,Woven,5000,4.73,23647.21,Completed,28,35,63,30,Summer,2024,11,Q4
ORD_01802,2024-11-25,BUYER_034,Terry_Cloth,Knit,2454,5.33,13067.65,Completed,16,39,64,30,Autumn,2024,11,Q4
ORD_01803,2024-11-25,BUYER_005,Linen,Woven,2000,11.55,23101.49,Completed,39,25,68,45,Summer,2024,11,Q4
ORD_01804,2024-11-25,BUYER_017,Fleece,Knit,4908,8.53,41840.95,Completed,39,35,71,45,Winter,2024,11,Q4
ORD_01805,2024-11-26,BUYER_043,Cotton_Plain,Woven,2992,8.28,24778.89,Completed,20,31,55,90,Spring,2024,11,Q4
ORD_01806,2024-11-26,BUYER_003,Cotton_Polyester_Blend,Woven,1370,7.5,10279.35,Completed,25,26,48,90,Spring,2024,11,Q4
ORD_01807,2024-11-26,BUYER_036,Polyester_Twill,Woven,5000,5.04,25214.9,In_Production,28,26,63,90,Summer,2024,11,Q4
ORD_01808,2024-11-26,BUYER_022,Polyester_Satin,Woven,1053,5.74,6043.29,Completed,41,25,72,45,Summer,2024,11,Q4
ORD_01809,2024-11-27,BUYER_002,Terry_Cloth,Knit,1896,5.58,10571.16,Completed,16,32,53,60,Summer,2024,11,Q4
ORD_01810,2024-11-27,BUYER_045,Cotton_Polyester_Blend,Woven,2697,7.87,21227.47,Shipped,25,33,64,90,Spring,2024,11,Q4
ORD_01811,2024-11-28,BUYER_002,Cotton_Plain,Woven,1030,7.47,7690.84,Completed,20,36,52,60,Winter,2024,11,Q4
ORD_01812,2024-11-28,BUYER_035,Polyester_Plain,Woven,5000,4.37,21831.36,Shipped,32,16,44,60,Autumn,2024,11,Q4
ORD_01813,2024-11-28,BUYER_024,Polyester_Plain,Woven,5000,3.9,19488.14,Completed,32,33,61,45,Summer,2024,11,Q4
ORD_01814,2024-11-28,BUYER_024,Cotton_Plain,Woven,1489,8.4,12512.69,In_Production,20,27,46,45,Autumn,2024,11,Q4
ORD_01815,2024-11-28,BUYER_014,Fleece,Knit,2000,7.9,15791.2,Completed,39,23,68,30,Winter,2024,11,Q4
ORD_01816,2024-11-29,BUYER_019,Polyester_Twill,Woven,5426,4.76,25804.93,Completed,28,38,64,45,Spring,2024,11,Q4
ORD_01817,2024-11-29,BUYER_015,Terry_Cloth,Knit,1021,5.51,5626.55,Completed,16,28,40,45,Summer,2024,11,Q4
ORD_01818,2024-12-02,BUYER_039,Linen,Woven,2533,12.48,31611.18,Completed,39,29,71,60,Spring,2024,12,Q4
ORD_01819,2024-12-02,BUYER_022,Cotton_Plain,Woven,560,8.26,4626.68,Completed,20,38,56,45,Summer,2024,12,Q4
ORD_01820,2024-12-02,BUYER_018,Viscose_Rayon,Woven,1080,8.51,9189.64,Completed,17,19,45,30,Spring,2024,12,Q4
ORD_01821,2024-12-02,BUYER_045,Cotton_Denim,Woven,2039,9.72,19821.53,Completed,43,29,73,90,Spring,2024,12,Q4
ORD_01822,2024-12-02,BUYER_007,Linen,Woven,2000,12.36,24722.8,Completed,39,31,75,60,Spring,2024,12,Q4
ORD_01823,2024-12-02,BUYER_018,Polyester_Twill,Woven,5000,5.23,26169.04,Completed,28,16,53,30,Summer,2024,12,Q4
ORD_01824,2024-12-02,BUYER_038,Cotton_Polyester_Blend,Woven,1127,6.85,7722.61,Completed,25,22,51,30,Summer,2024,12,Q4
ORD_01825,2024-12-03,BUYER_028,Silk_Blend,Woven,3151,20.17,63548.03,In_Production,30,15,50,45,Spring,2024,12,Q4
ORD_01826,2024-12-03,BUYER_018,Fleece,Knit,2000,8.06,16124.47,On_Hold,39,27,75,30,Winter,2024,12,Q4
ORD_01827,2024-12-04,BUYER_006,Cotton_Twill,Woven,3856,7.46,28756.1,Completed,28,33,69,45,Winter,2024,12,Q4
ORD_01828,2024-12-04,BUYER_003,Cotton_Plain,Woven,2801,8.19,22933.88,Completed,20,16,34,90,Spring,2024,12,Q4
ORD_01829,2024-12-05,BUYER_010,Polyester_Plain,Woven,11115,4.28,47609.17,Shipped,32,32,68,60,Spring,2024,12,Q4
ORD_01830,2024-12-05,BUYER_006,Cotton_Twill,Woven,1239,8.02,9934.15,Completed,28,32,59,45,Summer,2024,12,Q4
ORD_01831,2024-12-05,BUYER_011,Viscose_Rayon,Woven,2938,8.03,23579.75,Completed,17,46,70,45,Winter,2024,12,Q4
ORD_01832,2024-12-05,BUYER_016,Viscose_Rayon,Woven,2673,8.97,23963.69,Completed,17,28,41,30,Spring,2024,12,Q4
ORD_01833,2024-12-05,BUYER_024,Polyester_Plain,Woven,5000,3.87,19352.26,Shipped,32,25,52,45,Spring,2024,12,Q4
ORD_01834,2024-12-05,BUYER_034,Polyester_Satin,Woven,1000,6.19,6185.32,Completed,41,35,79,30,Spring,2024,12,Q4
ORD_01835,2024-12-05,BUYER_030,Cotton_Denim,Woven,5233,9.0,47094.16,Completed,43,25,68,60,Spring,2024,12,Q4
ORD_01836,2024-12-05,BUYER_016,Fleece,Knit,2000,9.06,18123.97,Shipped,39,29,71,30,Autumn,2024,12,Q4
ORD_01837,2024-12-06,BUYER_004,Cotton_Polyester_Blend,Woven,5077,7.02,35661.44,Completed,25,35,55,30,Summer,2024,12,Q4
ORD_01838,2024-12-06,BUYER_031,Terry_Cloth,Knit,2822,5.24,14776.6,Completed,16,34,57,30,Winter,2024,12,Q4
ORD_01839,2024-12-06,BUYER_020,Cotton_Denim,Woven,3725,9.37,34900.75,Completed,43,27,66,60,Winter,2024,12,Q4
ORD_01840,2024-12-07,BUYER_032,Polyester_Twill,Woven,5000,5.56,27801.44,Completed,28,28,57,45,Spring,2024,12,Q4
ORD_01841,2024-12-08,BUYER_001,Terry_Cloth,Knit,5242,5.05,26462.64,Completed,16,27,43,45,Summer,2024,12,Q4
ORD_01842,2024-12-09,BUYER_013,Fleece,Knit,2221,8.68,19288.8,Shipped,39,38,85,30,Summer,2024,12,Q4
ORD_01843,2024-12-09,BUYER_039,Fleece,Knit,8649,8.29,71708.45,Completed,39,27,65,60,Winter,2024,12,Q4
ORD_01844,2024-12-09,BUYER_012,Cotton_Twill,Woven,4630,8.36,38717.36,Completed,28,25,49,45,Autumn,2024,12,Q4
ORD_01845,2024-12-09,BUYER_019,Fleece,Knit,4544,8.71,39576.89,In_Production,39,30,77,45,Autumn,2024,12,Q4
ORD_01846,2024-12-09,BUYER_006,Silk_Blend,Woven,5856,19.01,111294.48,Completed,30,39,74,45,Summer,2024,12,Q4
ORD_01847,2024-12-09,BUYER_028,Cotton_Polyester_Blend,Woven,4110,6.91,28391.3,Completed,25,26,59,45,Summer,2024,12,Q4
ORD_01848,2024-12-09,BUYER_031,Polyester_Plain,Woven,5000,3.74,18686.64,Completed,32,32,68,30,Spring,2024,12,Q4
ORD_01849,2024-12-10,BUYER_005,Cotton_Polyester_Blend,Woven,4354,8.23,35813.72,Completed,25,22,46,45,Winter,2024,12,Q4
ORD_01850,2024-12-10,BUYER_014,Fleece,Knit,2000,7.84,15674.36,Completed,39,15,51,30,Winter,2024,12,Q4
ORD_01851,2024-12-10,BUYER_010,Cotton_Twill,Woven,8096,7.77,62873.69,Completed,28,36,67,60,Autumn,2024,12,Q4
ORD_01852,2024-12-10,BUYER_031,Polyester_Satin,Woven,5215,6.49,33819.82,Completed,41,36,85,30,Spring,2024,12,Q4
ORD_01853,2024-12-11,BUYER_045,Fleece,Knit,2000,8.8,17599.79,Shipped,39,30,76,90,Spring,2024,12,Q4
ORD_01854,2024-12-11,BUYER_037,Polyester_Twill,Woven,5000,5.54,27679.62,Completed,28,25,54,45,Summer,2024,12,Q4
ORD_01855,2024-12-12,BUYER_011,Silk_Blend,Woven,2141,20.91,44757.96,Completed,30,42,78,45,Spring,2024,12,Q4
ORD_01856,2024-12-12,BUYER_026,Polyester_Satin,Woven,3082,5.66,17452.89,Completed,41,32,77,45,Autumn,2024,12,Q4
ORD_01857,2024-12-13,BUYER_043,Polyester_Satin,Woven,2775,6.59,18274.61,Shipped,41,35,85,90,Winter,2024,12,Q4
ORD_01858,2024-12-13,BUYER_032,Viscose_Rayon,Woven,9976,8.95,89290.91,Completed,17,39,65,45,Autumn,2024,12,Q4
ORD_01859,2024-12-13,BUYER_037,Silk_Blend,Woven,4887,20.44,99871.76,Completed,30,28,54,45,Autumn,2024,12,Q4
ORD_01860,2024-12-16,BUYER_028,Fleece,Knit,3530,8.84,31197.99,Completed,39,15,52,45,Summer,2024,12,Q4
ORD_01861,2024-12-16,BUYER_021,Cotton_Polyester_Blend,Woven,2883,7.89,22732.85,Completed,25,27,49,90,Spring,2024,12,Q4
ORD_01862,2024-12-16,BUYER_031,Polyester_Satin,Woven,2194,5.81,12756.37,Completed,41,38,86,30,Autumn,2024,12,Q4
ORD_01863,2024-12-16,BUYER_007,Fleece,Knit,2000,9.17,18341.06,Completed,39,32,68,60,Spring,2024,12,Q4
ORD_01864,2024-12-17,BUYER_026,Silk_Blend,Woven,2426,17.8,43192.91,Completed,30,27,52,45,Autumn,2024,12,Q4
ORD_01865,2024-12-17,BUYER_035,Cotton_Polyester_Blend,Woven,4585,7.41,33976.11,Completed,25,16,38,60,Summer,2024,12,Q4
ORD_01866,2024-12-18,BUYER_028,Cotton_Plain,Woven,1880,7.59,14270.52,Completed,20,20,39,45,Autumn,2024,12,Q4
ORD_01867,2024-12-18,BUYER_029,Cotton_Twill,Woven,1853,7.63,14142.11,Completed,28,26,57,45,Spring,2024,12,Q4
ORD_01868,2024-12-19,BUYER_031,Cotton_Plain,Woven,5306,8.66,45924.2,Completed,20,34,55,30,Summer,2024,12,Q4
ORD_01869,2024-12-20,BUYER_012,Cotton_Denim,Woven,2908,9.81,28526.47,Completed,43,35,79,45,Spring,2024,12,Q4
ORD_01870,2024-12-20,BUYER_041,Polyester_Plain,Woven,5236,4.09,21427.57,Shipped,32,21,52,45,Summer,2024,12,Q4
ORD_01871,2024-12-20,BUYER_034,Fleece,Knit,2209,8.89,19644.16,Completed,39,32,80,30,Spring,2024,12,Q4
ORD_01872,2024-12-21,BUYER_008,Cotton_Denim,Woven,4136,8.89,36780.92,Completed,43,32,77,45,Autumn,2024,12,Q4
ORD_01873,2024-12-21,BUYER_010,Polyester_Twill,Woven,13877,4.8,66643.56,Completed,28,26,52,60,Summer,2024,12,Q4
ORD_01874,2024-12-23,BUYER_017,Cotton_Plain,Woven,5096,7.52,38324.04,Completed,20,42,64,45,Summer,2024,12,Q4
ORD_01875,2024-12-23,BUYER_026,Terry_Cloth,Knit,1359,5.45,7401.24,Completed,16,39,56,45,Summer,2024,12,Q4
ORD_01876,2024-12-24,BUYER_045,Linen,Woven,2000,12.39,24788.46,Completed,39,30,77,90,Winter,2024,12,Q4
ORD_01877,2024-12-24,BUYER_038,Fleece,Knit,2443,8.1,19778.69,Completed,39,21,66,30,Winter,2024,12,Q4
ORD_01878,2024-12-24,BUYER_044,Silk_Blend,Woven,2426,20.57,49890.72,Completed,30,15,41,30,Summer,2024,12,Q4
ORD_01879,2024-12-25,BUYER_019,Cotton_Twill,Woven,5565,8.73,48598.03,Completed,28,29,52,45,Autumn,2024,12,Q4
ORD_01880,2024-12-25,BUYER_023,Polyester_Satin,Woven,1913,6.17,11803.27,Completed,41,49,88,30,Summer,2024,12,Q4
ORD_01881,2024-12-25,BUYER_005,Polyester_Satin,Woven,5411,6.0,32468.86,Completed,41,27,71,45,Winter,2024,12,Q4
ORD_01882,2024-12-26,BUYER_006,Polyester_Satin,Woven,1623,6.04,9800.47,Completed,41,33,73,45,Autumn,2024,12,Q4
ORD_01883,2024-12-26,BUYER_001,Cotton_Plain,Woven,2934,7.34,21544.1,Completed,20,32,59,45,Summer,2024,12,Q4
ORD_01884,2024-12-26,BUYER_040,Cotton_Denim,Woven,3957,9.04,35772.7,Completed,43,32,83,90,Spring,2024,12,Q4
ORD_01885,2024-12-27,BUYER_007,Cotton_Polyester_Blend,Woven,943,7.09,6682.14,Completed,25,30,55,60,Winter,2024,12,Q4
ORD_01886,2024-12-27,BUYER_039,Polyester_Twill,Woven,8275,4.72,39019.5,Completed,28,24,58,60,Spring,2024,12,Q4
ORD_01887,2024-12-27,BUYER_038,Polyester_Twill,Woven,5000,5.21,26068.26,Completed,28,28,57,30,Spring,2024,12,Q4
ORD_01888,2024-12-29,BUYER_026,Terry_Cloth,Knit,2577,5.35,13776.74,Completed,16,33,55,45,Autumn,2024,12,Q4
ORD_01889,2024-12-30,BUYER_034,Cotton_Polyester_Blend,Woven,959,6.83,6551.41,Shipped,25,39,68,30,Spring,2024,12,Q4
ORD_01890,2024-12-30,BUYER_014,Viscose_Rayon,Woven,1000,8.22,8220.99,Completed,17,27,47,30,Spring,2024,12,Q4
ORD_01891,2024-12-30,BUYER_029,Polyester_Satin,Woven,2718,5.93,16129.96,Completed,41,36,84,45,Spring,2024,12,Q4
ORD_01892,2024-12-31,BUYER_021,Silk_Blend,Woven,4141,17.67,73178.33,Completed,30,35,71,90,Autumn,2024,12,Q4
